Gene,Module
MIR6087,magenta
HBB,magenta
HBA2,magenta
USP32P1,grey
HBA1,magenta
MAP1B,magenta
LOC101927580,grey
HBG2,magenta
MYOM2,grey
RNF182,grey
MIR663AHG,magenta
MIR663A,magenta
HBG1,magenta
CTXN2,grey
ADARB2,turquoise
HYDIN,turquoise
SLC12A1,grey
B4GALNT3,grey
RAP1GAP,brown
TMEM176B,grey
GAD1,turquoise
PRTG,turquoise
MUC3A,turquoise
DDX11L10,red
C1orf105,grey
HMCN2,turquoise
HLA-DRB6,grey
LOC284581,grey
SLC2A14,grey
EDIL3,grey
MUC19,turquoise
TUBB2A,grey
LINC01291,turquoise
RNF17,grey
TMEM176A,grey
HLA-DQA2,grey
IGFN1,turquoise
LRP2,turquoise
CCDC144A,grey
KSR2,turquoise
MUC16,turquoise
CYP4F29P,grey
CSMD2,turquoise
LOC100506159,grey
PKHD1,turquoise
BCAM,blue
UGT2B17,grey
OVCH1,grey
MUC2,turquoise
NPIPB5,blue
MUC4,turquoise
FRAS1,turquoise
ARFGEF3,turquoise
ZNF890P,grey
LAMA3,turquoise
KIAA1217,turquoise
PTPRD,turquoise
SVEP1,turquoise
ZAN,turquoise
COL12A1,turquoise
LINC00676,blue
PCLO,turquoise
PLXNB3,blue
CD177,green
EVPL,blue
STOX1,grey
S100B,grey
NOS1,turquoise
SLIT3,turquoise
CFAP46,turquoise
SLC6A19,blue
COL16A1,turquoise
TUBBP5,turquoise
IGFBP2,grey
TENM4,turquoise
BAHCC1,blue
MDGA1,grey
RUNX1T1,blue
FAT3,turquoise
AOC1,blue
MS4A2,salmon
ANKRD20A9P,turquoise
KCNN3,turquoise
COL5A1,blue
FAM83A,blue
KIAA1549,turquoise
SCO2,magenta
OVCH1-AS1,grey
L1CAM,blue
TMPRSS9,blue
ARHGAP23,blue
ANK2,turquoise
HDC,salmon
MMP8,salmon
HERC2P10,grey
RPL3L,grey
CPA3,salmon
SORBS2,turquoise
BEGAIN,blue
GRIN2C,blue
KRT72,blue
DSP,grey
VWA7,blue
SYT9,blue
SPEG,blue
CSMD1,turquoise
UNC13A,turquoise
SLC44A5,grey
MIR4523,magenta
KRT73,grey
CNTN4,greenyellow
SYNPO,blue
HSPG2,blue
LRP10,blue
OLFM4,salmon
NTRK2,turquoise
COL5A3,blue
THSD7A,salmon
LMOD1,blue
UGT2B28,greenyellow
ABO,blue
PRDM16,turquoise
RDH14,magenta
UNC80,turquoise
SMIM1,brown
MUC5AC,turquoise
PAPPA2,turquoise
ST6GAL2,turquoise
GRIK4,turquoise
VWCE,blue
SHISA7,blue
TSKS,turquoise
MEG3,turquoise
KLHL4,grey
PEAR1,blue
PTPRN,blue
SPTBN2,blue
RELN,turquoise
COL22A1,turquoise
ELFN2,turquoise
LOC441081,blue
FER1L4,blue
PTPRT,turquoise
CADM2,blue
CTTNBP2,turquoise
DNAH5,turquoise
OBSL1,blue
MAOA,grey
OTOG,turquoise
ATP1A4,turquoise
TJP1,turquoise
RNASE3,salmon
DSCAML1,turquoise
MUC5B,blue
IQGAP3,turquoise
PTPN3,turquoise
CLEC4F,grey
LGSN,turquoise
FAM227A,turquoise
ANKRD20A4,grey
PTPRU,turquoise
CLEC4C,grey
RPH3A,turquoise
UPK1B,turquoise
DAAM2,turquoise
STXBP5L,turquoise
COLCA1,blue
FAM186A,turquoise
PXDN,turquoise
CEP170B,blue
XKR3,grey
PRKD1,turquoise
LOC441666,grey
ROCK1P1,turquoise
LAMA1,turquoise
A1CF,turquoise
PHKA1,turquoise
COL27A1,blue
PRSS33,greenyellow
TMPRSS6,blue
ENPEP,turquoise
ZNF385B,turquoise
SSPO,blue
ITGA2B,red
S100P,green
KLHDC8A,blue
SPTBN4,blue
A2ML1,turquoise
CPA5,grey
SNORD116-18,grey
FREM1,turquoise
SHISA9,turquoise
LIFR,turquoise
NFASC,turquoise
KANK2,brown
LOC101928551,grey
HRK,grey
GIPC3,blue
NKX3-1,grey
MT1L,brown
SERINC2,blue
ERICH3,turquoise
LOC101243545,grey
MEIS2,turquoise
SLC44A4,blue
ZFR2,blue
ACHE,blue
ABCA12,turquoise
PI4KAP1,grey
DDX11,grey
DOCK6,blue
CRISP3,salmon
ADAMTSL1,turquoise
GREB1,turquoise
TDRD1,turquoise
CLEC12A,grey
NRXN3,blue
OSBPL6,turquoise
AKAP12,salmon
ACKR2,blue
CLCN1,turquoise
LOC100505530,grey
HBD,blue
ARPP21,turquoise
AK7,blue
HRASLS5,greenyellow
ADAMTS16,blue
GRID1,turquoise
AJAP1,greenyellow
RPSAP58,black
STXBP6,turquoise
COL15A1,turquoise
SEC14L3,blue
TEAD1,turquoise
ZFHX4,turquoise
DYNC1I1,turquoise
ST18,turquoise
KCNT1,blue
PTGER4P2-CDK2AP2P2,blue
LAMC3,blue
CHD5,blue
PLEKHN1,blue
C3orf20,blue
FOXP4,blue
COL4A2,turquoise
ABLIM3,red
FOSB,blue
CPB1,grey
C9orf172,blue
CMBL,blue
CEACAM22P,grey
OPRM1,turquoise
DRP2,turquoise
RPS16,cyan
CUX2,blue
ADGB,turquoise
ZMAT4,grey
ARHGEF17,blue
KIR2DL3,grey
ADAMTS2,turquoise
SNORA53,cyan
PTGES,grey
GRIN2A,turquoise
NRN1,turquoise
UGT2B11,greenyellow
WDR87,turquoise
SLC4A3,blue
PYGO1,blue
SFRP4,grey
ABCA4,turquoise
SSC5D,turquoise
PSMD5-AS1,grey
IGF1,turquoise
ROBO1,turquoise
WNK2,blue
OR2T8,brown
GPR173,blue
LINC00999,blue
CCDC80,turquoise
P3H2,turquoise
SCARNA10,cyan
DCHS2,turquoise
RASA4,blue
LPL,grey
IL1RL1,greenyellow
PPARGC1A,turquoise
SIGLEC1,blue
SPP1,green
SHANK1,turquoise
GTF2H2B,grey
CES1,grey
MYT1L,turquoise
BTNL3,grey
ILDR2,turquoise
ANKS1B,turquoise
MORC1,turquoise
NCS1,turquoise
SCN7A,turquoise
ADAM32,turquoise
SLITRK5,turquoise
LOC647859,grey
NPAS2,turquoise
KCP,blue
THNSL2,grey
SYN2,turquoise
TRIM67,turquoise
MYO3B,grey
HS3ST3A1,turquoise
NAV3,grey
CD7,blue
SCARNA5,cyan
MYL9,red
DNAH9,turquoise
COL11A2,blue
ORM1,green
CCDC114,blue
JCHAIN,midnightblue
LOC643201,turquoise
VWA5B1,blue
C4BPA,green
MPDZ,turquoise
ATP1B2,blue
MAGI1,turquoise
PAK4,blue
MYRFL,turquoise
LAMA5,blue
SEMA6C,blue
C1orf226,turquoise
SLC7A5,brown
TMEM158,brown
PDZD7,turquoise
SYCP2L,grey
RAB3B,turquoise
ESPN,blue
FGF13,turquoise
DUSP8,blue
LOC729737,blue
KIF18B,blue
VSIG10L,blue
CLRN1,green
KIR3DL1,grey
CPNE4,turquoise
CTNND2,turquoise
ABCA13,salmon
COLCA2,grey
MYOZ3,blue
CDHR5,blue
DLGAP2,turquoise
EGR1,blue
SEMA6B,blue
SHANK2,turquoise
OLFML2A,blue
KIF26A,blue
RPS6KA6,turquoise
LOC100996291,blue
SLC7A8,blue
LOC728989,grey
BMP2,turquoise
CACNG8,greenyellow
CRB2,blue
CD248,blue
MIR3945,grey
ARHGAP39,blue
HBQ1,magenta
LOC100288162,blue
VCAM1,grey
KRT1,brown
LINC01002,blue
GSG1L,turquoise
AKR1C2,turquoise
LTF,salmon
ADGRB3,turquoise
CRMP1,blue
PAX8,blue
ANKRD30B,turquoise
CFAP57,turquoise
CEACAM8,salmon
ADAM11,blue
GLDC,turquoise
SMG1P5,magenta
RHOXF1P1,greenyellow
EBF4,blue
PAK6,blue
ALOX15,greenyellow
LINC01061,blue
TREML5P,pink
ANTXR1,turquoise
MUC6,blue
GATA2,salmon
AK8,blue
TRIM40,grey
ALAS2,brown
ADAMTS3,turquoise
NPIPB15,turquoise
IQSEC3,blue
KIR2DL1,turquoise
AEBP1,blue
GCOM1,turquoise
TSPEAR-AS1,grey
DBH-AS1,blue
TMEM184A,blue
LOC101928841,blue
IL17REL,blue
ETV1,turquoise
GDAP1L1,blue
NRCAM,purple
RAPGEF4,turquoise
FAP,turquoise
EFR3B,turquoise
MARK1,turquoise
CDK15,grey
CTNNA3,turquoise
RORB,turquoise
KIAA1456,turquoise
SPDYC,blue
SP2,blue
GUCY2D,blue
ACKR1,brown
KISS1R,blue
B4GALNT4,turquoise
MYEOV,red
FAM169B,blue
MYBPC2,blue
ANOS1,turquoise
ZNF865,blue
SLC5A4,blue
GPRIN1,blue
MYL4,brown
SCN11A,turquoise
CACNA1B,turquoise
NEBL,turquoise
GPNMB,grey
TSPEAR,blue
ADGRG4,turquoise
ANKRD24,blue
HEY1,turquoise
ATP6V0C,brown
KIF1A,turquoise
MAST1,blue
PACSIN1,blue
PTPN21,turquoise
LOC100133331,blue
NPTXR,blue
NXPH3,blue
CNGB1,turquoise
MUC12,turquoise
SOAT2,blue
RGMB-AS1,grey
LINC01140,turquoise
SEC14L5,red
GLI3,turquoise
CERS3,turquoise
SLC2A4,blue
NOTCH3,turquoise
ATOH8,blue
LOC283177,blue
C1orf233,blue
CELF2-AS2,turquoise
RBM20,blue
MIPOL1,turquoise
DES,turquoise
AZU1,turquoise
LRFN2,turquoise
SPATC1L,blue
MYO3A,turquoise
COL9A1,turquoise
SPAG6,grey
SGCD,turquoise
FBN3,turquoise
CHSY3,turquoise
SEC1P,turquoise
LDB3,blue
LOC613037,yellow
DEFA4,salmon
RIMBP2,turquoise
KCNK10,turquoise
NUTM2B,blue
CHMP1B2P,turquoise
RUNDC3A-AS1,blue
NETO1,grey
CAMP,salmon
CTSG,salmon
AFAP1L1,turquoise
CLEC4G,turquoise
C15orf43,grey
LONRF2,turquoise
LINC00664,grey
SOX2-OT,turquoise
LAMA4,turquoise
SPATA3-AS1,turquoise
OR2L13,grey
SLC9A3,blue
RASGRF1,turquoise
MPPED2,turquoise
ADGRB1,blue
ZNF385D,blue
VWA2,turquoise
GRIN3B,blue
KNDC1,blue
KCNMA1,turquoise
PROM1,turquoise
ATP1A3,blue
GCSAML,salmon
SDC3,blue
SRGAP1,turquoise
LOC102725079,grey
OTOF,blue
SLC18A1,turquoise
CAMSAP3,blue
SHROOM3,turquoise
IL5,grey
VSTM4,turquoise
MT1E,tan
DNAH2,turquoise
PLEKHH2,turquoise
DAGLA,blue
SEMA3B,blue
TMTC1,grey
ESPL1,blue
AICDA,turquoise
CRHR2,blue
HBM,brown
SERPINB10,salmon
SLC6A20,turquoise
HSPB1,magenta
LGALS9C,blue
AXDND1,turquoise
CCDC163P,blue
ATRNL1,turquoise
CNGB3,turquoise
LIPC,grey
CACNA1G,turquoise
DNAJC5B,grey
TFCP2L1,turquoise
RNU12,cyan
OLR1,salmon
PTGER3,turquoise
ABCB5,blue
CHST13,blue
L1TD1,grey
ANO2,turquoise
LOC728084,salmon
MYO18B,turquoise
AMN,turquoise
SORCS3,purple
LPAR4,turquoise
PCDH15,turquoise
ACSS3,turquoise
KCNQ3,turquoise
PLEKHA6,turquoise
CGN,blue
ICAM5,blue
GPM6A,grey
MYOCD,turquoise
DAB2IP,blue
MIR3161,blue
MPP2,turquoise
SLC12A8,turquoise
LRRC7,turquoise
COLEC12,turquoise
IFI27,brown
TMEM63C,blue
FLNC,turquoise
FAM106A,grey
AHRR,blue
DRC1,turquoise
MIR326,blue
PROX1,turquoise
WFIKKN1,blue
C5orf17,grey
KLHL34,purple
PPDPF,magenta
SH3RF2,grey
SDK2,blue
LOC643355,turquoise
GABRA4,turquoise
LOC101929297,grey
C3orf22,blue
MTRNR2L4,turquoise
PRR22,blue
LINC00689,turquoise
GPRC5B,blue
MIR6723,blue
COL4A1,blue
FSD1,turquoise
CCDC175,grey
FREM3,grey
MS4A3,salmon
COL13A1,grey
LINC00607,turquoise
SAXO2,grey
CELF4,turquoise
CPLX2,blue
ZNF703,blue
DMD,turquoise
CA12,blue
LOC100287072,turquoise
LIMCH1,turquoise
IGSF10,turquoise
LRFN3,blue
TACSTD2,turquoise
ATP8B3,blue
YBX3P1,brown
SNORD17,cyan
CYP2A6,blue
CCDC64B,blue
EDNRB,turquoise
NRXN1,turquoise
ACE,blue
MYBPH,blue
SPRED3,blue
C1orf95,blue
KCNC1,blue
ZNF503,turquoise
BMP3,grey
SLC8A3,red
MICALL2,blue
TNNC2,turquoise
FMN1,grey
GRIN2D,blue
MAATS1,turquoise
DMTN,brown
SYN1,blue
ACVR2B-AS1,turquoise
CEACAM19,blue
LINC00202-1,turquoise
ITGB4,blue
ZNRF2P1,turquoise
MUC20,blue
SYT1,turquoise
ITGB3,red
SHISA4,brown
CACNG6,greenyellow
ZNF704,turquoise
MYLK3,turquoise
NFIB,turquoise
OCLN,turquoise
OR2W3,brown
SCN3B,turquoise
CDH24,blue
ANKRD20A11P,grey
PTPRG,turquoise
LKAAEAR1,blue
TNNT1,grey
LMTK3,blue
USP17L7,grey
DKFZP434H168,blue
SGIP1,blue
ARSJ,turquoise
CXorf36,turquoise
LINC00032,turquoise
TBX1,blue
MMP28,purple
ELOVL3,turquoise
TSPAN6,purple
SMCR5,blue
FFAR3,pink
GRIA3,turquoise
MIR4480,blue
ZFHX2,blue
KCND1,blue
CLC,greenyellow
CSNK2A3,grey
KCCAT198,tan
SPOCD1,red
NHS-AS1,pink
LINC00309,turquoise
CXCL9,turquoise
ADAT3,blue
PLCB4,turquoise
COL28A1,turquoise
PVRL2,grey
COL7A1,blue
LOC100506314,yellow
NXPE1,blue
SLC22A20,blue
TAS2R43,grey
COL4A6,turquoise
RAI14,turquoise
FFAR4,turquoise
LZTS1,blue
RFX4,turquoise
KRT2,grey
TOB2P1,turquoise
ETV7,green
DFNB31,blue
CFAP43,turquoise
GRIK3,turquoise
DCT,turquoise
CORO2B,blue
MYH14,turquoise
DSC1,purple
CNNM1,blue
XIRP2,turquoise
LINC01093,green
DLEU1-AS1,yellow
EFNA5,grey
SLC28A3,turquoise
BEAN1,blue
CCNA1,salmon
TAS2R60,blue
YJEFN3,blue
BAAT,turquoise
ATAD3C,blue
OSBP2,brown
PEG3,turquoise
MND1,grey
INHBA,salmon
HSPA12B,blue
GPC4,turquoise
LINC00853,grey
RASSF8,turquoise
POU5F1,turquoise
LOC400997,grey
LRRC8E,blue
HTATSF1P2,green
DBIL5P,turquoise
KCNC2,turquoise
LOC102723769,grey
THEGL,blue
FN3K,blue
TCONS_00029157,turquoise
IGSF11,turquoise
GGT5,blue
FECH,brown
CYP2S1,blue
XKR9,grey
MYOZ2,turquoise
PRSS16,turquoise
LCN2,salmon
LHFP,grey
ELANE,blue
CDC42EP1,blue
ADRB1,grey
LINC00997,turquoise
ATP2A1,blue
NOG,purple
FOXD2-AS1,blue
SLC1A1,turquoise
ROR1,turquoise
TDRD15,grey
LOC101927815,grey
ELF3,blue
COL6A1,blue
LOC151174,turquoise
MROH9,turquoise
CSDC2,blue
ITGB8,salmon
DLGAP3,blue
TPTE,turquoise
C1S,turquoise
DTNA,turquoise
GPRC5D,turquoise
PLCD3,blue
GHR,turquoise
GLB1L3,blue
SCARA5,turquoise
KCND3,turquoise
FLRT1,blue
SATB2,turquoise
SNORA49,cyan
TGFA-IT1,green
LRFN1,blue
CPNE7,turquoise
COL23A1,blue
SIGLEC8,greenyellow
CLEC12B,grey
SLC5A2,blue
CBX2,blue
RHBDF1,turquoise
MIR4698,yellow
OR2L8,grey
PPARG,turquoise
SLC35F4,turquoise
DGKK,grey
LINC00639,grey
MECOM,turquoise
ALDH1A2,turquoise
GPR153,turquoise
FAM83F,blue
ARHGAP33,blue
LINGO2,grey
NCKAP5,turquoise
TGFB2,turquoise
BATF2,turquoise
ABHD16B,blue
FGFR2,grey
ZNF462,turquoise
THSD4,turquoise
TNR,turquoise
PAGE2B,brown
PPP1R13L,blue
TRHDE-AS1,blue
IDO1,greenyellow
PPP1R17,grey
HTRA1,red
SH3PXD2B,turquoise
ACBD7,turquoise
DLK2,blue
KCNIP4-IT1,turquoise
MIR4718,blue
CSPG4,blue
POLR2J2,grey
PKN3,blue
VWF,blue
LAMB4,turquoise
C6orf132,blue
SYTL5,turquoise
ACOXL,grey
PBK,turquoise
SORCS2,blue
PRSS35,grey
CASKIN2,blue
UCA1,turquoise
GRINA,brown
OLFM1,grey
TULP2,turquoise
PPFIA4,blue
SCN4A,turquoise
BOC,turquoise
LOC101928404,turquoise
ESRG,blue
LINC01204,turquoise
PLP1,blue
GALNT9,blue
LINC00906,turquoise
LOC653653,grey
FAR2P2,grey
PRDM5,green
PIEZO2,turquoise
UBALD1,magenta
RBFOX1,turquoise
RIMS2,turquoise
LHFPL4,turquoise
ESYT3,turquoise
C1orf116,red
CNN1,blue
SERPING1,pink
TPBG,grey
PPP1R26-AS1,turquoise
ITGAD,blue
SCUBE2,turquoise
LGI2,turquoise
FCER1A,salmon
ITLN1,brown
LYPD2,grey
LINC00707,grey
BAALC,grey
NPIPA5,turquoise
RHBDL1,turquoise
MIR7845,magenta
IGFALS,blue
NAV2,turquoise
MROH5,blue
LOC100507462,turquoise
AP3B2,turquoise
LY6G6E,red
UNC79,turquoise
LINC00235,blue
SLC4A9,blue
ZYG11A,turquoise
IFITM10,blue
THBS1,red
FCGR1C,green
ISM1-AS1,purple
CLGN,turquoise
ITIH3,blue
VWA3A,blue
PRSS21,turquoise
BTNL9,turquoise
KCNG1,grey
NRXN2,turquoise
LOC101928674,turquoise
LINC01281,grey
UTS2,grey
LOC100128568,blue
C6orf25,blue
CXCL5,red
PHF24,turquoise
ARHGEF25,blue
SLC44A3,turquoise
CSMD3,turquoise
DIP2A-IT1,yellow
WDR63,turquoise
LOC100131257,blue
PRSS3P2,grey
SLC6A8,brown
PROM2,blue
PDZD3,blue
BTNL10,brown
SLC6A9,brown
CEACAM6,salmon
LINC01279,grey
SLC4A10,grey
GTSCR1,purple
SNORA12,cyan
SDK1,turquoise
CACNA1A,blue
TAS2R39,green
MIR3978,pink
SLC24A2,turquoise
TRPC3,grey
PITPNM3,blue
TBXA2R,blue
DSG2,turquoise
SNORD15B,cyan
MAGI2,turquoise
MIR373,grey
GZMH,tan
COL6A5,turquoise
NUAK1,grey
E2F8,turquoise
ARMC9,turquoise
COL25A1,turquoise
CNKSR1,blue
DNMT3L,grey
FOXE1,blue
GUCY1B2,turquoise
NAT6,blue
CA1,brown
KCTD21-AS1,grey
SEMG1,grey
CCDC26,grey
MIR650,midnightblue
LOC100131289,grey
CSRNP3,turquoise
MROH6,blue
LRGUK,turquoise
CXCL10,black
RHBDL2,blue
NTRK1,grey
LOC101927431,turquoise
LOC105375734,red
MDK,blue
MIR4537,blue
CYP17A1,blue
TLE2,blue
ENDOG,magenta
OR7E2P,tan
TRPV6,blue
ZNF215,grey
CDC20B,turquoise
PREX2,turquoise
RYR2,turquoise
RET,blue
PCDHGA4,turquoise
EPN3,turquoise
TNXB,blue
S100A8,black
ANKK1,blue
KIAA1462,turquoise
HSD17B6,turquoise
DLGAP1,turquoise
LINC00643,turquoise
RIPK4,turquoise
TMEM132E,blue
MN1,blue
L3MBTL4-AS1,turquoise
TEAD3,turquoise
EPHA2,blue
AHSP,brown
RNF216-IT1,yellow
TMEM51,grey
CACHD1,turquoise
LOC101928694,grey
CCDC67,blue
JAG2,blue
VMO1,grey
SMC2-AS1,turquoise
LOC101929717,blue
LOC730101,grey
GSTM1,grey
GOLGA6L5P,turquoise
PRSS57,grey
MIR1262,green
PI3,green
SLC9A2,turquoise
ZBED9,turquoise
STX1B,blue
PLEKHA4,turquoise
PNMA2,blue
ALOX15B,turquoise
ETV5,turquoise
NAT8B,red
FAM3B,grey
VIT,turquoise
LOC101928979,grey
RYR1,turquoise
CHODL,grey
TICRR,blue
LOC101929378,grey
SIGLEC11,turquoise
A3GALT2,grey
HRNR,turquoise
JPH4,turquoise
SLC7A11-AS1,turquoise
ITGA8,turquoise
SYNPO2L,turquoise
ATP4A,turquoise
DYTN,grey
HLA-G,grey
VASN,blue
LINC00298,grey
PNMAL2,turquoise
RCAN2,grey
PCBP3,blue
SYN3,turquoise
LOC283335,blue
TF,turquoise
LRRC3,blue
SLC1A2,turquoise
BOK,turquoise
IGSF3,turquoise
GFPT2,grey
MIR548AC,blue
CACNA1H,blue
AGMO,green
MAP3K15,turquoise
PLOD2,red
NR4A1,blue
TCL1B,grey
COL6A4P2,turquoise
ALPK2,grey
KIF26B,blue
STAP2,blue
LOC101928834,grey
PRR12,blue
EPN2-AS1,blue
KLRC2,tan
PTPRVP,blue
RUNDC3A,brown
KLHL31,turquoise
MMP9,pink
TUSC1,grey
LOC401312,turquoise
ANKRD30BL,blue
ITGA7,blue
LOC613266,grey
CYP26C1,turquoise
IL34,grey
MARCH10,turquoise
ADCY6,turquoise
MYH15,turquoise
LOC100996634,turquoise
TRPC2,turquoise
TMEM217,blue
NEFM,turquoise
C20orf24,magenta
LPAR3,grey
RASAL1,blue
ACAN,blue
MARC2,turquoise
PRCAT47,turquoise
TMEM45A,grey
LRRN3,purple
ERG,turquoise
PRRG1,turquoise
GDF7,turquoise
CAPN13,turquoise
ERC2,turquoise
COL4A5,turquoise
LOC100420587,turquoise
FHAD1,turquoise
SH3TC2,red
DGCR5,blue
APBA1,blue
EFCAB6,turquoise
EXOC3L1,turquoise
TRPM1,turquoise
HMCN1,turquoise
FSTL4,turquoise
C19orf84,blue
KCNE5,turquoise
PCDHGB1,grey
BCAS1,turquoise
C7orf57,turquoise
FAT1,blue
FAM229A,blue
MAOB,red
P4HA2,turquoise
MYO15A,blue
LOC643339,blue
BOLL,turquoise
TREML4,pink
SCARF2,blue
DDT,grey
DCST2,blue
PTCHD2,blue
SLC13A3,turquoise
TPTE2,turquoise
PCDHGA7,grey
APOB,turquoise
REEP6,turquoise
SSTR2,turquoise
GRB14,grey
TMEM108,blue
GRIA4,turquoise
BFSP2,turquoise
IL21-AS1,grey
ENO1-AS1,grey
DIRAS1,blue
ANKRD13B,blue
RCOR2,blue
C3orf67,turquoise
SAMD11,turquoise
ROBO3,blue
ADRA2A,blue
TNFSF11,turquoise
DKK2,turquoise
APOL4,grey
NKPD1,blue
SPX,red
USP17L2,grey
ZNF414,blue
ZNF628,blue
PRB1,turquoise
SLC9C1,turquoise
BEAN1-AS1,blue
SLCO1A2,turquoise
IKZF4,blue
ABCB11,turquoise
RHOXF1-AS1,blue
ST6GALNAC4,brown
AGRN,blue
MCOLN1,brown
FBXO39,turquoise
FAM83H,blue
TNFRSF19,grey
SCN5A,turquoise
GPRC5C,turquoise
RAPGEF4-AS1,turquoise
TMEM92-AS1,grey
WIPF3,turquoise
SLC22A13,blue
ADGRB2,blue
LRRC36,turquoise
CECR7,blue
CHIT1,salmon
HOXA3,turquoise
USH2A,turquoise
TMEM119,grey
KIR3DX1,turquoise
MAP2,turquoise
ARHGAP26-AS1,pink
PDZK1IP1,brown
ABCB9,blue
IL5RA,greenyellow
FAM228A,blue
OR2T3,grey
ENAH,turquoise
GJA3,turquoise
FAM170B-AS1,grey
EPX,blue
LRRC43,blue
SRCIN1,turquoise
EGR3,blue
CFL1P1,grey
ASIC3,blue
SRRM4,turquoise
ARHGAP20,turquoise
MIR378E,blue
SNORA38B,grey
RSAD2,grey
KRT5,turquoise
TPO,turquoise
LDLRAD4-AS1,yellow
TMCC2,brown
PTGFR,grey
CYP2C8,turquoise
PLCH1,red
LOC143666,grey
MTCL1,turquoise
IDO2,turquoise
DIAPH3,turquoise
KCNC3,blue
PDLIM4,blue
NOSTRIN,blue
ZSCAN23,purple
KNG1,blue
C1QB,grey
SCIN,turquoise
FAM81A,grey
MYOM3,turquoise
OTOGL,turquoise
CLDN18,turquoise
RBFOX2,turquoise
DNAH3,turquoise
ERBB3,turquoise
PTRF,grey
NRGN,blue
XPNPEP2,turquoise
HERC2P4,turquoise
SDS,grey
MEX3A,turquoise
SHISA2,grey
LVRN,turquoise
DACT1,purple
ZNF695,turquoise
LOC400958,turquoise
YAP1,turquoise
CLIP3,blue
LINC00472,turquoise
FAM221B,turquoise
DZIP1L,turquoise
GPR179,turquoise
SLC9A3R2,blue
PALM3,turquoise
GPR150,blue
PDE9A,grey
CIB3,grey
CNKSR3,turquoise
TMEM160,magenta
SLC17A3,grey
ALDH7A1,turquoise
C15orf26,red
SLPI,green
NTSR1,blue
EMX1,turquoise
AP1M2,grey
BEST3,blue
KCNH2,blue
MIR4298,blue
TNRC18P1,blue
LOC285696,pink
CPNE5,blue
SMIM10L2A,grey
SORBS3,blue
LINC00534,grey
NR1I2,turquoise
IMPG1,turquoise
AKR1C6P,turquoise
MOBP,turquoise
TIE1,turquoise
MID1,turquoise
PLVAP,brown
CTGLF12P,blue
KIF7,blue
LINC01347,turquoise
SH2D4B,blue
RPS26,grey
LOC101929319,grey
TRPV3,blue
SIGLEC14,blue
SLC35D3,grey
PODN,turquoise
GRK4,grey
CHPF,blue
LRRC2,brown
IL23R,grey
LINC01108,blue
FXYD1,blue
FAM86B1,grey
RPH3AL,blue
UPK3B,blue
LINC00189,green
LOC101927740,blue
IRF6,grey
STK32B,turquoise
EPHX4,grey
STAC,blue
RTN4RL1,blue
DBNDD1,grey
E2F2,brown
YPEL4,brown
PCYT1B,red
ENHO,grey
ALG1L2,turquoise
C7orf34,grey
SV2B,turquoise
LOC100129316,tan
FGD5,turquoise
PSMA8,grey
CDH20,turquoise
HLA-DPB2,grey
TEK,grey
SGK2,blue
SLC29A1,greenyellow
EPHB3,blue
TMEM121,blue
CCDC40,blue
NKAIN2,turquoise
TMC1,turquoise
SLC38A4,grey
PROSER3,blue
FLT4,blue
GPR146,brown
KHDRBS3,turquoise
CECR2,turquoise
RIMKLA,blue
CITED4,turquoise
TMEM178B,turquoise
RAB3IL1,brown
GIF,pink
GRM3,turquoise
HSD3BP4,blue
ANXA2P2,grey
TLL2,turquoise
PRG2,turquoise
PCSK4,blue
CRACR2B,blue
TMEM132C,turquoise
KIAA1683,blue
TNFSF9,turquoise
FURIN,brown
OR56B1,grey
CD81-AS1,turquoise
PRKCDBP,grey
WSCD2,turquoise
NLGN2,blue
CCDC168,turquoise
PDE4A,blue
EMID1,turquoise
FAM46C,brown
LINC01001,blue
LOC101927829,grey
NDST3,turquoise
CDK18,blue
MIR604,grey
SNORA23,cyan
ZFPM1,blue
ADAMTS4,blue
NTNG1,turquoise
LOC100507091,blue
MGLL,red
SERPINE1,blue
PTPRS,blue
TMEM150C,turquoise
SELE,turquoise
ANKRD26P1,turquoise
KCNH4,turquoise
ERBB4,turquoise
FAM182B,turquoise
CD1B,grey
FMO2,turquoise
SCN2A,turquoise
HFE2,blue
RGS13,grey
MIR4257,blue
JUP,blue
PCOLCE,blue
PROZ,turquoise
LOC100130451,turquoise
VLDLR,greenyellow
COX7A1,blue
PCSK6,red
EREG,grey
PYCR1,grey
FGF17,turquoise
DZIP1,turquoise
HUNK,turquoise
CLEC18A,blue
MRC1,grey
SLC4A1,brown
PAQR6,blue
CTDSPL,red
CDCA5,grey
C19orf68,blue
DDX11L2,turquoise
MAPK10,turquoise
BTNL2,grey
CCDC3,turquoise
GLIS3,turquoise
LOC102723854,grey
ILDR1,turquoise
MPP3,turquoise
HIC1,blue
SMIM24,brown
DAZL,turquoise
GLRA3,turquoise
CFD,midnightblue
LINC01151,red
LOC439933,grey
GPD1,blue
SLC25A2,grey
CRLF1,blue
DRC7,blue
PDE2A,blue
LL22NC03-75H12.2,grey
LRRC9,turquoise
MMP17,blue
NEK2,grey
LOC101928118,blue
SOBP,turquoise
SMARCA1,purple
DEPDC4,grey
P2RX6,blue
CAPN11,turquoise
SLC26A7,turquoise
BTBD19,blue
HIST1H2AD,grey
GRHL3,blue
CHL1,turquoise
CYP4F22,turquoise
SLC2A1-AS1,brown
SMLR1,turquoise
TGM3,green
HHIPL2,blue
PGM5,grey
ZNF730,turquoise
GOLGA8M,grey
SHB,turquoise
KIAA1614,blue
GNAO1,blue
KCNQ4,turquoise
COL2A1,turquoise
NWD1,turquoise
COL14A1,turquoise
PGLYRP1,blue
LINC00514,grey
LOC101927412,grey
NRP1,grey
TSPYL6,yellow
RAMP1,grey
SLC28A2,blue
C2orf81,turquoise
GREM2,turquoise
TRPM4,turquoise
SLC26A4,turquoise
TSHB,grey
TNS1,brown
C5orf47,turquoise
LOC729867,grey
ANXA3,green
LRP1B,turquoise
IQCA1,turquoise
TSPAN7,blue
BNC2,grey
UMODL1,turquoise
AKR1E2,brown
GOLGA6L2,turquoise
C8orf31,grey
TRIM58,brown
SLC35F3,grey
SPOCK3,turquoise
PWAR1,turquoise
GIPC2,turquoise
CABP7,blue
OSGIN1,turquoise
LOC401127,grey
ZMYND15,blue
C6orf10,turquoise
HCN2,turquoise
PEG10,blue
MURC,blue
CAGE1,turquoise
LOC101928696,yellow
PDE6A,turquoise
SOX5,turquoise
ENPP3,salmon
ATP11A-AS1,yellow
PRB2,turquoise
ZNF683,tan
C15orf52,blue
KIR2DS4,grey
RNU11,black
UNC5C,turquoise
FAM110B,turquoise
PTPRF,brown
SLC6A13,blue
NECAB2,blue
WISP1,turquoise
CYP24A1,turquoise
ACSM6,turquoise
SAMD14,blue
NOX1,turquoise
CHDH,turquoise
HFM1,blue
CHAD,blue
NDN,grey
PPP4R4,grey
PCSK1,turquoise
LGALS2,grey
MIR4714,pink
MAGI2-AS3,grey
LAMP5,grey
MIR1273C,blue
LOC101927267,brown
C1R,blue
WDFY3-AS2,grey
ESPNP,blue
SLC38A11,grey
LOC100272216,yellow
MIR652,pink
CAPN5,brown
LOC387810,grey
DOC2A,blue
TRPM3,turquoise
SPINK2,grey
RND2,turquoise
SPARCL1,turquoise
TMEM201,blue
CDH4,blue
SSC4D,blue
LAMB2,grey
NPTX1,turquoise
GATA6,blue
PNPLA7,blue
DSCAM,turquoise
CRYM,turquoise
CTAGE6,grey
LOC646029,turquoise
ATP2B2,turquoise
AKR1C4,yellow
SLC35F1,blue
PHLDB1,turquoise
KIAA1324,pink
RPS6KA2-AS1,yellow
GOLGA8K,grey
RAB3A,blue
FGF7,turquoise
RGL3,blue
HSF2BP,turquoise
SH3BGR,grey
LINC01134,turquoise
SFTPB,turquoise
FOXRED2,blue
SLC16A11,blue
CA3,turquoise
STEAP3-AS1,turquoise
LARGE-AS1,blue
FAM26E,red
FAM72B,grey
PLEKHG4B,turquoise
LOC101928307,grey
CMTM5,red
TREML1,red
PINLYP,grey
FOXP3,blue
SH3BGRL3,magenta
SLC12A3,turquoise
SAMD13,turquoise
USP32P2,grey
SCG5,grey
ANO7,blue
E2F7,turquoise
SOX8,grey
SETSIP,grey
CAV2,red
DRD3,turquoise
TAS2R41,blue
HEPACAM2,brown
ANKRD9,brown
SPARC,red
IQCD,grey
IFIT1,green
CPS1,turquoise
CERCAM,blue
ECRP,grey
HP,salmon
TMEM171,turquoise
CENPM,grey
PRKG1,red
GS1-279B7.1,grey
HIGD1C,grey
SEPT5-GP1BB,grey
CABLES1,turquoise
RXFP1,turquoise
PLAC4,greenyellow
LOC100507195,tan
ADAMTS1,grey
STEAP1B,grey
LINC01531,blue
SCARNA6,cyan
LOC441455,grey
GUCY1A2,turquoise
IFIT1B,brown
NR4A2,blue
STK31,turquoise
TENM2,turquoise
LINC01426,turquoise
DBH,blue
DNM1,blue
LINC01013,grey
LIPE-AS1,grey
KIAA1211,blue
GRHL2,turquoise
LINC00907,turquoise
TRPC6,greenyellow
LOC100506497,yellow
LINC00504,turquoise
LOXL1,blue
HHLA2,turquoise
MKRN3,grey
HLA-DRB5,grey
SNORA47,cyan
NRIR,brown
PPP3R2,turquoise
SNORD55,magenta
G0S2,grey
AGR2,turquoise
YTHDF3-AS1,grey
RAC3,grey
CEP83-AS1,turquoise
KIAA0101,grey
MAP2K3,brown
FAM21EP,grey
NRON,yellow
RPL34,black
DEPDC1,turquoise
MYCBPAP,turquoise
MIR548AN,grey
STAU2-AS1,blue
MIR4772,green
TNKS2-AS1,grey
FSCN1,blue
LINC00665,turquoise
SLC45A3,salmon
DDAH1,turquoise
RPS3A,black
SLC13A5,blue
MIR4539,grey
PABPC3,blue
SLC16A2,turquoise
CDC25A,turquoise
LYNX1,grey
CLDN9,blue
CCDC154,blue
BPGM,brown
PGF,turquoise
DCLK2,turquoise
PTCH2,turquoise
PDGFRA,turquoise
PLTP,blue
MAMLD1,blue
A1BG-AS1,blue
CCDC83,blue
TEAD2,blue
TCTEX1D1,grey
CXCL8,black
KLRC3,tan
LINC00471,grey
GPR137C,turquoise
OR52K2,pink
ABCA17P,turquoise
ASAP1-IT2,yellow
LOC101926889,blue
LEP,turquoise
KLC3,brown
SPDYE6,blue
CCDC79,blue
CALN1,turquoise
CLU,red
CDHR1,turquoise
LBX2,blue
LOC100506207,grey
MIR3654,grey
ZNF503-AS2,turquoise
LOC100996286,purple
RLBP1,blue
OR2L1P,turquoise
TEPP,turquoise
SPINK8,grey
LRRC49,turquoise
LINC00211,green
RASA4B,blue
GDF15,blue
LOC100287036,red
RFPL1S,turquoise
FAM189B,blue
CDH6,turquoise
LINC00264,turquoise
MTSS1L,blue
PALD1,turquoise
FTH1P3,blue
RNF5P1,turquoise
SIGLEC17P,grey
CDCP1,turquoise
SLC26A5,turquoise
LOC440311,grey
TTYH1,blue
C1orf145,blue
P2RY6,turquoise
LUNAR1,grey
LINC00623,grey
DMC1,grey
KBTBD12,grey
PMP22,grey
HRASLS,grey
VIL1,red
ETV2,turquoise
PRRT2,blue
GOLGA6L9,grey
LOC101926935,turquoise
DACT3-AS1,blue
MARVELD1,turquoise
CCDC144NL,turquoise
LINC00469,grey
RNF144A-AS1,grey
MESTIT1,blue
ADM2,blue
SUSD2,blue
MIR581,yellow
MAPK8IP1,blue
HERC2P3,grey
PDIA2,blue
CXCR1,green
PRCD,turquoise
NXN,blue
ARPIN,grey
PPP1R3G,grey
PM20D1,turquoise
PPBP,red
MMEL1,blue
NEAT1,yellow
PAX8-AS1,grey
TRIM46,blue
CAMK2N1,grey
LILRA3,red
LOC101929412,pink
LINC00272,turquoise
GABRB3,turquoise
CFAP47,turquoise
DNAH8,turquoise
ADAMTS13,blue
ZNF727,grey
TEKT4P2,grey
THBS2,blue
TRIM64B,salmon
DCANP1,grey
SCARNA22,cyan
MIR591,grey
REXO1,blue
LOC101929431,grey
HMGN5,turquoise
PCDH17,turquoise
SEMA3D,turquoise
CORIN,green
SAXO1,turquoise
DMGDH,turquoise
MIR4802,blue
SNORD56B,pink
WDR64,turquoise
LOC200772,blue
MIR938,blue
LINC00593,turquoise
LINC00638,blue
AQP10,red
CNGA1,grey
ARHGEF28,tan
MST1L,blue
SNTG2,grey
SPATA32,grey
PPFIA2,turquoise
RPL13AP3,grey
AVPR1A,red
HTR2A,turquoise
PILRA,blue
TMEM253,turquoise
ADORA3,greenyellow
MIR28,grey
SALL2,blue
TMC3,turquoise
LOC391322,grey
GLTSCR1,blue
ANKRD53,blue
CNGA4,turquoise
BICC1,turquoise
C1QTNF7,pink
KIRREL3,blue
XG,turquoise
ITIH1,turquoise
ACOT11,greenyellow
CACNG1,blue
ITGA11,turquoise
LMF1-AS1,blue
LOC654841,turquoise
RPS6KA2-IT1,grey
TMPRSS5,blue
FZD4,grey
SH3BGRL2,red
FILIP1,turquoise
IGSF22,turquoise
BCL2L1,brown
LINC00222,grey
GALNT14,green
LOC101929679,blue
CLEC18B,blue
NT5M,brown
ADAMTSL5,blue
CHRND,blue
AMZ1,blue
JUND,magenta
KIF5A,turquoise
RPL31,black
GLRA1,turquoise
TIMP3,blue
MAP1A,blue
LOC440300,blue
MIR151B,blue
DDX11L9,grey
CD209,blue
LINC00960,blue
CTIF,blue
FBXO43,blue
C9orf163,grey
IQUB,turquoise
RNF217-AS1,turquoise
KLHL26,blue
MOCS1,turquoise
FLT1,turquoise
STARD13,turquoise
CYP51A1-AS1,turquoise
TTLL13P,blue
TTC25,brown
FBN1,turquoise
LOC100129924,blue
C17orf99,grey
TSPAN9,red
KTN1-AS1,turquoise
RSPH14,turquoise
TNFAIP6,green
C9orf24,blue
RAPGEF3,blue
VSIG2,blue
FSCN2,blue
MGAM2,pink
MYO16,turquoise
BMX,green
TOX2,grey
PCDHGC4,grey
LOC100507156,blue
ARMC3,red
MFI2,blue
CDC45,grey
LOC100996351,turquoise
GJB6,grey
JPH3,blue
FAT4,turquoise
PABPN1L,blue
HIF3A,turquoise
ZC2HC1B,turquoise
MEX3B,turquoise
GSTM4,grey
GSTM3,purple
CCDC103,grey
RGS7,turquoise
PLK1,blue
LINC00563,grey
SDC2,grey
C1QA,grey
EHMT1-IT1,yellow
LOC285762,blue
PRSS23,tan
ANGPTL6,turquoise
USP43,blue
LINC00940,blue
MSANTD1,blue
CTTN,red
HNF1A,blue
CA8,grey
MZB1,midnightblue
FCGR1A,green
ADGRE4P,greenyellow
CASC15,turquoise
ZNF415,grey
TNFSF12,blue
SLC36A3,turquoise
EPGN,grey
YBX3,brown
PTGR1,turquoise
ONECUT2,turquoise
ANKRD18DP,grey
RNASE2,salmon
MIR4729,blue
TECR,blue
LOC400927,blue
FGFBP2,tan
ADD3-AS1,grey
LOC100130075,turquoise
CCDC151,turquoise
NFIX,brown
SUV420H2,blue
SYNE1-AS1,greenyellow
LOC730202,grey
CHADL,blue
RUFY4,turquoise
IGF2BP2,brown
RPSAP9,grey
LEFTY1,grey
SHE,blue
AQP1,brown
VIPR2,blue
LOC101927131,blue
CABP4,blue
DLG2,turquoise
SYNE4,turquoise
CYP4F35P,yellow
VWDE,grey
LYG2,yellow
MYPOP,blue
AHDC1,blue
KLHL7-AS1,grey
SNORA74A,cyan
CA6,purple
TMPRSS3,blue
ART3,turquoise
ATG9B,blue
PIP5KL1,blue
STAB2,turquoise
CSNK1A1P1,turquoise
LINC01314,turquoise
TRPA1,yellow
RPLP1,cyan
GLUD2,grey
IFITM3,green
LINC00346,turquoise
APOA2,grey
TP63,turquoise
GYS2,turquoise
NUTM1,turquoise
PTENP1-AS,grey
NPIPB4,yellow
DMKN,turquoise
MCCD1,blue
KIF19,turquoise
NUDT3,magenta
RANBP17,grey
OXTR,red
MAN1B1-AS1,turquoise
CDCA3,grey
GGT8P,blue
LTBP1,red
PHYHD1,blue
ZNF750,yellow
SLFNL1,blue
PTPRH,turquoise
BRSK2,blue
HMMR,grey
ANGPT4,blue
TMEM132B,turquoise
ARHGEF37,brown
NR4A3,turquoise
AKR1C8P,grey
FASN,blue
HSD3B7,grey
SPTB,brown
CRB1,turquoise
AKAP6,purple
LOC440028,turquoise
SLC25A21,grey
FGF2,grey
OTX1,turquoise
ABCA9,turquoise
EIF5AL1,grey
FOLR3,green
OSBPL10-AS1,yellow
MIR548G,yellow
LRP4,turquoise
GLRX5,brown
ETNK2,grey
LZTS3,blue
CDC6,grey
LINC00884,turquoise
TIFAB,grey
TLCD2,turquoise
KAZN,blue
LOC728485,turquoise
LOC285593,grey
C12orf74,grey
MTRNR2L6,grey
SHROOM1,turquoise
ABCC3,red
ADAMTS7,turquoise
CPNE9,turquoise
MIR4458HG,grey
MIR8078,turquoise
CDKL2,turquoise
EFNA1,grey
PRSS1,grey
LOC285626,turquoise
ANKRD36BP2,black
ADAMTS14,turquoise
LOC101927839,yellow
WFS1,blue
PAQR5,turquoise
MIR6075,blue
TRAPPC3L,red
ZNF358,blue
NPR3,turquoise
RBMS3,turquoise
FAM95C,blue
SLC16A14,grey
MUSK,turquoise
FAT2,yellow
TMC2,turquoise
PZP,yellow
NRG1,grey
LOC283440,grey
PF4V1,red
ARL4D,grey
PPP1R1B,blue
CXXC4,grey
TAF1L,turquoise
DDX11L1,grey
C14orf132,grey
RDH12,grey
NCKAP5L,blue
EPHB2,blue
ZNF385C,turquoise
HEBP1,brown
PKD1L1,turquoise
SH3GL1P2,blue
IL17RE,blue
FLJ36777,grey
AOC3,blue
RTN4R,blue
MIR1206,yellow
ACCSL,grey
PPFIA3,blue
ZNF658B,grey
AR,turquoise
GATSL2,blue
PPP1R2P3,grey
SLCO5A1,grey
MIR1207,grey
TPT1,black
HLA-DQB1,grey
CBS,blue
HAS1,blue
ZNF295-AS1,grey
AJUBA,turquoise
C4orf19,yellow
LOC100507431,grey
MIR4441,blue
PIK3CD-AS2,blue
NLRP7,turquoise
RFX1,blue
RNVU1-19,grey
GRIP2,blue
CTD-2201E9.1,grey
SFN,blue
PPIL6,blue
MIR4742,grey
C5orf67,grey
IFI44L,grey
SNORD97,cyan
LOC105755953,yellow
PPAPDC3,grey
DGCR9,grey
KRT79,turquoise
LGALS17A,grey
LRRC37A3,blue
JMJD1C-AS1,blue
PPAP2B,turquoise
RS1,turquoise
ALMS1P,turquoise
KREMEN1,green
LOC100132077,grey
LOC285627,turquoise
DQX1,turquoise
MOV10L1,blue
FZD7,blue
LOC152225,grey
FCRL5,grey
PGPEP1L,turquoise
KIR3DL2,grey
WIZ,blue
ACE2,turquoise
MIR620,blue
NUDT10,turquoise
SHROOM2,turquoise
TMED11P,turquoise
MIR941-1,yellow
MIR7641-2,blue
TSPEAR-AS2,grey
EXO1,grey
ANGPTL4,blue
XCL1,grey
LCMT1-AS1,grey
GAS2L1,blue
TACR2,blue
C19orf57,grey
ZNF492,grey
LOC100506730,blue
C2orf27A,grey
IFIT3,green
SH3D19,turquoise
SNORA77,blue
SEC16B,turquoise
TMEM92,blue
TINCR,blue
EHF,turquoise
WASF3,blue
CDKN1C,grey
CDRT4,blue
KCNS2,turquoise
MRPL23-AS1,turquoise
HSD17B3,turquoise
SFTPD,turquoise
CDRT1,turquoise
LGR6,blue
GBP7,grey
RNF152,brown
JAKMIP3,blue
PROC,grey
CCDC68,turquoise
ATP2C2,blue
LIPH,red
C8orf37-AS1,turquoise
RBFOX3,blue
RETN,salmon
MYH7B,blue
SOX13,blue
TAS2R40,green
ABCC13,brown
LINC00310,yellow
PLXNB1,blue
GPR83,turquoise
FIRRE,grey
ANK1,brown
PNPLA2,magenta
PANX2,blue
ACPT,turquoise
SLC27A2,salmon
SH3RF3-AS1,blue
NPIPB3,blue
GOLGA8S,turquoise
LOC100129046,turquoise
RNF112,blue
DDI1,yellow
PDE3A,red
LOC101927692,yellow
ATP5D,blue
MTUS1,grey
MIR3605,pink
CFAP61,turquoise
LOXHD1,grey
ANAPC1P1,grey
MIR1203,yellow
CASC8,grey
GALNT5,brown
CDH2,grey
FBLN2,grey
PCDHGA11,grey
C9orf117,blue
TRHDE,grey
KCNJ14,blue
PLEKHA7,blue
PNMA5,blue
PER1,blue
ZG16B,grey
TNFRSF11A,turquoise
TGM2,brown
KCNG2,blue
C3,blue
NUMBL,blue
MTHFS,magenta
DPYSL4,blue
MIR4296,blue
NPRL3,brown
SLC5A5,turquoise
LOC101928590,grey
GPC5,turquoise
CCDC113,turquoise
SDR16C5,turquoise
LRRC32,red
LOC642846,grey
EPS8L1,blue
SUSD4,grey
PARVA,turquoise
MKX,turquoise
MARCO,grey
LOC646762,turquoise
FGFR1,blue
UPK3A,grey
LINC01271,pink
LOC100128770,pink
C1orf54,grey
SKOR1,blue
EDA2R,turquoise
CA2,brown
BAIAP2L2,blue
ADM5,blue
ZP3,grey
HSD11B1L,blue
CYYR1,turquoise
BRSK1,blue
PLSCR2,grey
CEBPE,greenyellow
FREM2,turquoise
HLA-DQB2,grey
FCGBP,blue
MIR8066,pink
ASTN2-AS1,yellow
SNORD93,turquoise
SLC25A35,blue
NUDT6,grey
SNORA38,grey
SNORA54,cyan
GJC2,blue
MIR5706,blue
GSG2,grey
LOC100505915,grey
TTYH3,blue
UBQLNL,grey
SAMD10,blue
SNORA73B,cyan
PRR25,turquoise
KL,grey
PIPOX,turquoise
GGN,blue
SP7,turquoise
JHDM1D-AS1,brown
C11orf65,grey
CACNA1F,turquoise
CPNE6,blue
KLHL35,blue
SNORD96B,grey
TRO,turquoise
DTX3,blue
C4orf48,magenta
BPI,salmon
TMOD1,brown
LOC392196,grey
SLC14A2,turquoise
RASSF6,grey
OR13A1,grey
HID1,blue
LINC00381,purple
KLF1,brown
LCTL,grey
KLHDC7A,turquoise
NEK5,turquoise
PDE11A,turquoise
FRMPD3,blue
WNT2B,turquoise
MAB21L3,pink
PLCD4,blue
ZNF497,blue
TMIGD3,grey
PRKAG3,turquoise
FBLN5,purple
A2M-AS1,yellow
EML2-AS1,grey
TBC1D16,blue
PRRT4,blue
KCNMB4,grey
IL31RA,turquoise
LRP5,blue
DLL1,grey
SLC1A7,grey
B3GNT7,turquoise
SEMA5A,turquoise
KCNAB3,blue
LOC100507634,blue
CRAT,brown
TCN1,salmon
LINC00562,turquoise
NACA2,grey
PART1,turquoise
MIR548H1,grey
SARDH,purple
NKILA,turquoise
SHANK3,turquoise
LOC101928663,grey
FAM86B2,grey
RAB13,blue
LOC102467081,grey
SNORA68,cyan
TBX6,turquoise
FOXD4,turquoise
HRH1,grey
ITGA9-AS1,grey
A2M,yellow
DPP9-AS1,blue
MIR601,grey
MIR3139,blue
CBLN3,turquoise
OR10G2,grey
ANKRD35,grey
FAM66A,grey
DNM1P46,blue
SMTN,blue
CCAT1,yellow
TEX14,turquoise
NOXO1,turquoise
SYTL4,red
FBXL16,blue
LOC284798,turquoise
DTX2P1-UPK3BP1-PMS2P11,blue
PIWIL2,blue
LOC101928043,turquoise
GBP1P1,grey
CXCL3,grey
GML,turquoise
ATP10B,turquoise
OLMALINC,grey
NR2E3,turquoise
IBA57-AS1,turquoise
C17orf107,blue
ZNF334,turquoise
SPTSSB,grey
TCL6,blue
MIR5192,blue
ANKRD1,grey
PPEF1,turquoise
SCAMP4,blue
MBD6,blue
FBRSL1,blue
OR2B6,grey
KRTCAP3,turquoise
C8G,turquoise
LOC645166,turquoise
LOC154761,grey
LINC01270,pink
ARHGEF34P,blue
PLAU,grey
HES4,magenta
TNFRSF13B,turquoise
ZNF662,purple
LAIR2,grey
PADI6,grey
RHOG,blue
LOC440700,grey
MSC-AS1,grey
SERPINC1,grey
KRT73-AS1,grey
MUC17,turquoise
RP1L1,turquoise
MIR5587,blue
PRSS37,grey
RBM38,brown
RPL7,black
ADCY5,blue
KIFC1,turquoise
LOC401052,turquoise
CLEC2L,turquoise
ZNF521,grey
TPD52L1,grey
THCAT158,grey
KIF2C,blue
SNORA70B,yellow
MIR3941,grey
RPS7,black
LOC151484,turquoise
HCG9,turquoise
TMEM200B,blue
GALNTL6,turquoise
BEND2,red
STEAP3,blue
POU5F1P3,blue
RGS9,tan
ROPN1L-AS1,grey
SNORD116-13,grey
S100A12,black
DCC,turquoise
FAM133CP,turquoise
SLC34A3,blue
EPHB4,blue
ADTRP,purple
MIR4677,grey
SEMA3A,grey
ADGRV1,turquoise
MPO,salmon
TRPM5,blue
NPIPA1,grey
ZBTB7A,blue
TRIM9,green
CD1E,grey
EPAS1,greenyellow
CAV1,turquoise
PCP4L1,blue
PPP1R32,blue
CHRNE,blue
MYO7A,blue
CHI3L1,pink
NFIC,blue
ITGB5,red
MIR548AE2,turquoise
HIST1H3J,midnightblue
LOC101926943,yellow
FERMT2,turquoise
MIR4804,grey
TTC23L,turquoise
PCDHGA8,turquoise
CLCA3P,grey
WWC1,turquoise
C9orf9,turquoise
MTMR9LP,turquoise
LDB2,turquoise
LOC407835,turquoise
SPAG5-AS1,grey
ACTRT3,grey
INHBB,green
LINC01163,turquoise
PRICKLE2,turquoise
HSF1,blue
PCDHGA1,turquoise
ACTN4,grey
TFF3,grey
LINC01023,grey
MCM10,grey
OLIG2,greenyellow
GNAI1,grey
ODF3,blue
MIR6124,pink
TPTEP1,red
DIAPH2-AS1,blue
MIR4420,blue
OMD,blue
ESPNL,turquoise
ZNF579,blue
ESAM,red
AATK,blue
ZNF578,turquoise
SPTLC3,grey
IFITM5,blue
LOC101927587,grey
C15orf53,grey
STRC,turquoise
GPR85,turquoise
PTGES3L,grey
CENPK,black
LRRC4B,blue
PCDHGB5,grey
BEND7,grey
LOC101927755,grey
POMC,grey
SIAH2,brown
C6orf165,turquoise
OR13D1,yellow
HSF4,blue
FCGR3B,green
OR2AK2,grey
SMIM10,turquoise
CCDC148,turquoise
LINC00950,blue
LBX2-AS1,turquoise
CELA1,grey
LOC103908605,grey
TCP10L,turquoise
TYMS,grey
PCDHGA12,grey
SLC52A1,blue
MYZAP,grey
RCN3,blue
CDC42BPG,blue
C19orf35,blue
RPS17,black
LAMB3,grey
GPR182,blue
PCDHGA5,grey
ZBTB12,blue
RTKN,blue
C16orf96,turquoise
COL26A1,turquoise
MIR31HG,grey
LOC101927023,grey
SELENBP1,brown
GP9,red
SMAD1-AS2,grey
A2MP1,yellow
LOC100130264,grey
PTCRA,red
AK4,turquoise
MIR4774,grey
FGFR3,turquoise
DMBT1,turquoise
MET,turquoise
FBXO15,turquoise
ACMSD,yellow
FAM189A1,turquoise
SMOX,brown
ANKHD1-EIF4EBP3,blue
MIR199A1,blue
AANAT,blue
LEF1-AS1,purple
NEURL1B,turquoise
GOLGA8O,grey
LOC283575,pink
C7orf61,blue
GRID2IP,blue
ST6GALNAC1,grey
FAM172BP,grey
SPON2,blue
SLC35G6,turquoise
MEIKIN,turquoise
PKN2-AS1,turquoise
GPSM1,blue
INSL3,grey
RAPSN,blue
XKR6,blue
PPM1J,turquoise
GTSE1,grey
TGM1,blue
C11orf16,turquoise
C18orf61,turquoise
ATP2B3,turquoise
LOC100131303,green
PKIB,grey
RAB11B,brown
SERPINB2,black
CNTN2,turquoise
MORN4,turquoise
LRRC16B,blue
PAPPA,blue
MIR640,grey
LOC731424,green
GRM4,turquoise
CACNA1D,greenyellow
CRB3,grey
AURKB,blue
TBX5,turquoise
SLC5A11,blue
LOC344887,turquoise
PTTG3P,yellow
MTUS2,turquoise
DLGAP4,blue
ENPP1,turquoise
UBE2O,brown
SERPINE2,turquoise
RUVBL1-AS1,blue
FLJ45079,turquoise
KCNA2,blue
CLHC1,grey
HMGN2P46,turquoise
MTVR2,pink
TIMD4,purple
EGF,red
FAM174B,turquoise
LRRC71,blue
P3H3,turquoise
OR52N4,grey
IQSEC2,blue
EPB42,brown
TGFB1I1,blue
PARD3B,turquoise
GABRB1,turquoise
LOC101928103,turquoise
HTR1F,blue
FABP6,grey
CBFA2T3,blue
SRGAP2-AS1,grey
COMMD6,black
PRB3,turquoise
NKD1,blue
PRKCA-AS1,yellow
CNTNAP2,grey
SCN1B,blue
TMEM147-AS1,blue
LCA5,turquoise
EPN2-IT1,blue
ZBED2,yellow
PROSER2,red
CASC2,turquoise
GAREM,turquoise
LINC00622,turquoise
GLIS2,blue
MIR5690,blue
SLFNL1-AS1,yellow
MMP1,grey
ALPL,pink
ABCG2,brown
C15orf54,red
C19orf54,blue
LINC00540,grey
ZNF702P,grey
TMEM244,grey
DDR2,turquoise
FRMD6-AS1,grey
DISC1FP1,grey
LOC101929719,yellow
INSC,grey
EXTL1,turquoise
GPR88,grey
CCDC110,turquoise
BBS5,turquoise
CLEC3B,grey
SHC3,turquoise
PCGF2,blue
ASPDH,blue
ARVCF,blue
GPR63,grey
HCN3,blue
PKHD1L1,red
RGS9BP,turquoise
LMCD1,turquoise
ATP5EP2,grey
KLHDC9,turquoise
CABP5,red
KCNK5,turquoise
RFX2,blue
DNASE1L3,grey
PPP1R9A,turquoise
FLJ23867,blue
CASC21,grey
HSPA1A,grey
CYP2J2,grey
PRKXP1,blue
FAM217A,turquoise
SNRPC,blue
CENPA,grey
ASXL3,turquoise
PDGFA,red
RGS16,turquoise
DTX1,blue
LOC101928279,grey
DNAH12,turquoise
GUSBP5,grey
SCARB1,blue
MYO1A,turquoise
P2RX2,blue
CHODL-AS1,grey
GNA12,brown
FAM19A1,black
RNF10,brown
LINC01277,grey
LINC01395,purple
BCL2A1,black
SAPCD2,grey
ADH6,turquoise
RAPGEFL1,blue
SPATA18,turquoise
CLEC11A,grey
FAM127B,blue
CRAT37,turquoise
PLEKHG5,blue
DUSP13,grey
PROB1,turquoise
GLIPR1L2,turquoise
BDNF-AS,turquoise
HPDL,turquoise
SOCS2-AS1,grey
FLVCR1-AS1,grey
GADD45G,blue
NID1,blue
RAB3C,grey
AHNAK2,blue
FAM212B-AS1,grey
HIST1H3C,midnightblue
TMPRSS11D,grey
SCN8A,turquoise
NFIA-AS1,yellow
NLRP9,blue
DCHS1,blue
HIST1H3G,midnightblue
TAF1C,blue
C20orf96,turquoise
DLG5,blue
LOC100289561,grey
FCGR1B,green
TNC,turquoise
TMEM231,grey
SPTY2D1-AS1,grey
LOC728175,blue
TGFB1,blue
RNF165,turquoise
TYRO3P,blue
PTGDS,blue
ALPK3,blue
CRISPLD2,green
PXDNL,turquoise
TDRP,red
GPR61,turquoise
PDCD6IPP2,grey
MIR4521,grey
SYBU,turquoise
TFR2,brown
CDCA2,grey
IGSF9,turquoise
CASQ1,turquoise
GSG1,turquoise
CLIC6,turquoise
RASL11B,turquoise
LOC100268168,turquoise
LOC101929505,turquoise
LOC101929694,turquoise
LINC00987,yellow
FBXO46,blue
SMAD6,turquoise
LY6G6F,red
DCLK1,turquoise
SMPD3,greenyellow
TTLL2,turquoise
CALD1,red
LOC100129461,blue
NAT14,turquoise
NTN4,grey
HTR3A,grey
GZMA,black
TMC5,brown
WFDC21P,greenyellow
B9D1,grey
LOC100506476,grey
ZNF667,grey
ADH4,turquoise
SIGLEC6,grey
OXER1,blue
MGP,grey
LINC00486,turquoise
LOC101927438,turquoise
LINC01375,grey
TP73,blue
CTNNAL1,brown
RPL39,black
CHRNA5,turquoise
KCNV2,grey
LINC00398,turquoise
SNORA63,cyan
FAAHP1,grey
LOC101927972,yellow
LINC01248,turquoise
TESC,brown
CSTF3-AS1,grey
GFI1B,brown
C14orf105,yellow
ZNF777,blue
JAKMIP2-AS1,grey
FOCAD-AS1,grey
TMEM198B,blue
DGCR6,grey
CNR1,grey
LOC101927153,green
CYP7B1,greenyellow
SNX7,turquoise
MIR4481,blue
B3GNT3,turquoise
TDRD12,grey
BIRC5,midnightblue
LINC01352,turquoise
CH17-340M24.3,grey
C9orf78,brown
GRM2,blue
PCDH18,turquoise
FGFR4,blue
KIF4A,turquoise
NIPAL1,grey
PLIN1,turquoise
LINC01187,grey
AGAP1,tan
RPL26,black
DUSP4,turquoise
CMTM8,grey
ZNF385A,blue
GPR84,grey
C19orf18,turquoise
MIR618,green
SNORD1B,grey
LINC00659,turquoise
HAAO,blue
WDR62,blue
FUT2,turquoise
C17orf53,blue
PCDHGB4,grey
SAMD12-AS1,turquoise
CATSPER2P1,turquoise
TSC22D4,blue
KIAA1671,yellow
DPPA4,grey
DDR1,blue
KCNC4,blue
LINC00656,grey
TICAM1,blue
MMP11,grey
FAM71D,turquoise
GCAT,brown
ZFX-AS1,turquoise
MESDC1,magenta
RHOBTB1,red
LOC100130705,turquoise
DCDC1,turquoise
CYGB,turquoise
SV2A,blue
TMEM17,grey
CKB,grey
LOC100288152,blue
RAB42,grey
KCNC4-AS1,turquoise
NR5A2,turquoise
NAT8L,turquoise
SYP,turquoise
DHRS11,grey
ALX4,blue
ABCD1,blue
CEP55,midnightblue
TUBB3,grey
ARHGAP31-AS1,turquoise
SLCO4A1,turquoise
MIR1296,blue
VEGFB,blue
LMO3,turquoise
LINC00669,grey
THAP8,blue
WDR86,blue
ZNF732,grey
NEFL,grey
FAM209A,turquoise
C6orf52,grey
INF2,blue
GEMIN8P4,turquoise
PPEF2,turquoise
COPZ2,grey
DDO,grey
SHROOM4,blue
LOC101929741,grey
ZDHHC11,blue
SHARPIN,brown
C16orf71,blue
SCOC-AS1,turquoise
MIR1284,blue
SSTR3,purple
MAPK12,turquoise
KIAA1875,blue
LRRC75B,blue
TRIM6,grey
KIAA1549L,turquoise
LYPD3,turquoise
GTF2IRD1P1,grey
PAK3,turquoise
PLSCR4,brown
LOC102724691,grey
HOXC4,turquoise
SOX10,blue
CDON,turquoise
TAS1R3,blue
INTU,grey
DLEU7-AS1,grey
DAB1,turquoise
SNORD83B,grey
XKRX,purple
DOK7,blue
C3orf14,grey
CLEC1B,grey
PHLDA3,grey
ALDOB,turquoise
GHET1,grey
MOB4,magenta
OR52K1,pink
FAM35DP,turquoise
AZIN1-AS1,grey
C16orf95,grey
EVI2A,black
CCDC85B,magenta
CLIC3,blue
SRC,blue
ASB9,grey
GPR157,turquoise
NTN1,blue
RNF219-AS1,grey
FLJ42393,yellow
CPT1B,blue
GAREML,blue
PTMS,brown
GAS1,grey
DBF4B,blue
ASAP3,turquoise
TRPV5,turquoise
MIR27A,grey
PRSS30P,grey
TERT,turquoise
FGF11,blue
C22orf15,turquoise
WNT11,blue
LINC00506,turquoise
LINC01554,turquoise
TSNAXIP1,grey
CREG2,turquoise
LINC00925,turquoise
TMEM220-AS1,turquoise
ZMIZ1-AS1,blue
MIR3125,grey
NYAP1,turquoise
MIR545,grey
RPL31P11,grey
LOC646214,turquoise
RGS6,brown
LINC00092,grey
SOX12,blue
APOBEC3B,grey
GJA4,grey
TNFRSF17,midnightblue
XYLB,turquoise
MARVELD2,grey
ZNF618,blue
ZNF575,turquoise
KLRC1,tan
SNORA57,cyan
GYPC,brown
F2RL3,red
PPP1R14C,turquoise
CD79A,blue
RPL23,black
PRB4,turquoise
SH3GL1P1,blue
PKD2L1,turquoise
FER1L6,turquoise
DBNDD2,turquoise
MIR194-1,grey
C4orf45,turquoise
MYO10,turquoise
LINC00996,grey
CA4,green
ABHD12B,green
PSD,blue
CYP4F2,blue
NDUFA4L2,turquoise
FSTL1,red
HRASLS2,midnightblue
CTNNA2,turquoise
TENM3,turquoise
GFRA2,grey
ZNF365,tan
TMEM74B,yellow
MTOR-AS1,yellow
ALOX12P2,yellow
COL20A1,turquoise
FHIT,purple
GP6,red
PLS3,grey
MINK1,blue
EVC,blue
FAM131B,grey
LILRA4,grey
MIR505,blue
MIR616,grey
LOC100996671,grey
MIR146A,grey
CELSR2,blue
LINC01132,turquoise
GS1-259H13.2,grey
CD163L1,turquoise
SBK1,blue
ARHGEF10,grey
OLIG1,greenyellow
LINC01191,grey
CLYBL-AS2,blue
PTGDR2,greenyellow
MIR3609,black
WEE2,turquoise
AP2A1,brown
ZDHHC1,turquoise
LRRC56,blue
RHPN2,turquoise
CYP27B1,blue
ADAMTS8,blue
ZNF205-AS1,blue
TCAP,blue
SLC7A9,blue
EIF4EBP3,blue
FANK1,blue
MKRN9P,brown
OLFML3,turquoise
KCNJ16,turquoise
HP09025,blue
HSPA4L,turquoise
MRC2,brown
ECM2,yellow
GZMB,tan
ROPN1B,grey
LOC101930452,turquoise
FNDC7,turquoise
COL9A3,grey
UNC5A,blue
C11orf74,grey
HPD,turquoise
GBAT2,grey
BCL2L14,grey
FKBP10,blue
FAM86FP,turquoise
CGNL1,turquoise
ADAMTSL2,turquoise
LOC101929592,grey
PCDHGA10,grey
RBP5,blue
MOXD1,grey
ZNF311,turquoise
GSPT1,brown
ITGA9,salmon
PTPRB,blue
ZNF391,grey
PLA2G4B,yellow
GAS6-AS1,blue
SNORA71D,cyan
GUSBP3,grey
SLC25A34,blue
NDUFB2-AS1,grey
MGC16025,yellow
GNAS-AS1,turquoise
TRNP1,grey
MNS1,grey
GPR161,blue
LINC01535,turquoise
MYBPC3,blue
PDGFRB,grey
MYH9,red
GLYATL1,grey
PFKFB1,blue
WNT5B,grey
LOC102724601,grey
LOC102724190,pink
RPL9,black
LOC101929541,grey
MSR1,grey
HTRA3,blue
C20orf195,blue
TTC26,green
PF4,red
S100A5,turquoise
CATIP-AS1,grey
PCDHGC3,grey
PNLDC1,turquoise
CADM1,grey
OR2B2,grey
CCDC179,grey
LOC100190986,yellow
FZD8,turquoise
CXorf58,turquoise
CDC42P3,grey
SFRP2,brown
FBXL18,blue
LOC101928809,grey
JAM2,turquoise
SOCS1,blue
CSF1,blue
ST7-AS2,yellow
HCG2040054,grey
PBX1,brown
C8orf88,brown
CLVS1,grey
CDKN2A,grey
LOC100128164,turquoise
OIT3,turquoise
BAIAP3,blue
C2orf71,turquoise
SLC45A2,turquoise
ARHGEF9-IT1,grey
HES1,greenyellow
FLJ22447,grey
ZNF219,blue
MMP19,blue
LOC101929633,grey
CCDC124,magenta
OR52B6,grey
FAM66B,grey
QPRT,grey
GNAZ,red
LOC399715,pink
KITLG,grey
ASPRV1,brown
TMEM255B,turquoise
IL4I1,grey
FTCDNL1,grey
GDF9,grey
LOC151475,turquoise
FTH1,magenta
PCDHGB6,grey
LAG3,blue
PRKG2,grey
SLC25A39,brown
PCDHGB8P,grey
ZNF541,blue
LURAP1L,grey
CDC25C,grey
FAM110C,grey
BATF3,black
NEGR1,grey
CTSE,brown
LOC283856,turquoise
OLAH,grey
MIR4484,grey
FAM196A,turquoise
ACTN3,turquoise
PRSS27,blue
GTF2IRD1,turquoise
PRMT5-AS1,grey
PRSS3,turquoise
SOX15,blue
NIM1K,turquoise
SLC35G5,turquoise
FCER2,blue
LOC100129534,grey
BREA2,turquoise
KIAA1161,blue
GNA14,turquoise
ISM1,purple
OCLM,blue
ULK1,blue
SLC22A17,purple
PTK7,turquoise
FAM222B,blue
NT5DC2,turquoise
LOC102723354,grey
XK,brown
SNORD47,grey
C1QTNF9,turquoise
PTGES2-AS1,turquoise
GMPR,brown
FCRL6,tan
ALS2CR11,turquoise
PLAT,turquoise
LINC00174,blue
LINC00161,yellow
FAM110A,blue
BMPR1B,turquoise
ERI3-IT1,yellow
CD70,grey
OR52I1,grey
CMYA5,turquoise
OVCA2,blue
ABCA8,turquoise
SPI1,blue
CYP2E1,turquoise
MICALCL,brown
ACSM1,greenyellow
TROAP,turquoise
LOC728752,turquoise
PRRG2,turquoise
SFRP5,grey
FBXO24,turquoise
FAM71F2,blue
ZNF610,grey
LOC729930,grey
KCNK17,grey
FAM90A1,turquoise
LTBP3,blue
FAM153A,grey
ARHGAP29,grey
SNORD78,grey
FLJ44635,blue
MIR4295,grey
TREML3P,blue
TACC2,turquoise
TNFRSF21,grey
FAM53A,blue
MACROD2,grey
XIST,blue
SPINK9,grey
MIR4426,black
VPREB3,grey
SNORD37,grey
ACOT1,grey
ST5,blue
MARVELD3,blue
FAM81B,grey
DNAJB13,blue
LOC101929372,turquoise
OLFML2B,grey
SPA17,grey
SNORD70,grey
MIR558,grey
RRH,turquoise
PXDC1,grey
ADGRG3,pink
LOC101929657,turquoise
SKA1,grey
GUCY2C,green
SV2C,turquoise
TPGS1,magenta
LINC00612,yellow
FAM153C,grey
LIPM,grey
F12,turquoise
C2CD4D,grey
EPB41L1,turquoise
EDN1,turquoise
DCAF12,brown
SCAMP5,turquoise
MIR645,blue
POU5F1P4,blue
PCCA-AS1,yellow
ADGRA3,grey
MYLPF,grey
LOC283038,turquoise
MPL,blue
FLT3,grey
HOXA1,grey
FLJ37035,grey
MIR29A,green
ALOX12B,turquoise
ARHGEF5,blue
C17orf96,turquoise
ZNF826P,grey
ERAP2,grey
ABCC5-AS1,grey
ITGB2,grey
PCAT2,yellow
SOX6,brown
RDH16,turquoise
GLI4,blue
ACVRL1,grey
DPM2,brown
CHRFAM7A,grey
SETD1A,blue
SGSH,blue
MFSD2B,brown
INSM2,turquoise
AHCTF1P1,grey
KLRK1,tan
NUDT11,grey
B3GAT1,tan
SLC25A10,grey
WWTR1,grey
DOC2GP,grey
BDNF,turquoise
MED14OS,grey
MIR548N,grey
KDF1,grey
HPGDS,grey
CHAF1B,turquoise
VNN1,green
LIX1,grey
GNG12-AS1,green
ANPEP,blue
SNORD58C,grey
SNORD21,grey
DUOX2,turquoise
MIR6131,green
HECW1,turquoise
ZNF878,grey
MKRN1,brown
CYB5R3,blue
FSCN3,turquoise
NAGPA-AS1,grey
CARD14,blue
HYKK,grey
MIR99AHG,turquoise
ENTHD1,turquoise
KDM4D,turquoise
MIR7856,grey
SPRYD3,blue
SLC14A1,brown
REREP3,grey
CCNB3,turquoise
CA11,blue
LOC100996324,grey
MSC,grey
MIR1250,blue
CLDN23,grey
GCM1,grey
LECT1,turquoise
BEX2,black
BAMBI,grey
SPOCK1,turquoise
SNORD16,grey
MMRN2,turquoise
ZSWIM4,blue
SIPA1L2,green
TNRC18,blue
SNORD30,grey
CHST8,turquoise
CCDC120,blue
GRPR,turquoise
LOC730668,turquoise
WEE2-AS1,grey
GLB1L2,tan
TCL1A,grey
SLC24A3,red
VWA5B2,turquoise
LOC101929567,pink
HSD11B2,blue
NOS3,blue
SPAG4,turquoise
UBB,brown
SNORD74,black
OR52W1,pink
SNORA74B,cyan
OCEL1,blue
HIST1H2AB,midnightblue
CARM1,brown
CASC19,grey
ZSWIM8-AS1,turquoise
LOC388692,yellow
ZER1,brown
TPH1,grey
LRRN4,turquoise
RXFP2,grey
IL17RD,turquoise
MORN2,grey
LOC101929577,turquoise
LRRC17,green
TM4SF19-AS1,turquoise
TMC4,blue
ANXA10,grey
NPEPL1,blue
PIDD1,blue
GPR151,grey
MUSTN1,blue
COX16,grey
SLC39A4,blue
OAS3,grey
FAM86JP,turquoise
YOD1,brown
THRSP,grey
MXRA7,tan
SYT2,yellow
LOC101928371,grey
LOC100134868,grey
TMEM72,blue
LOC729609,turquoise
SNORD54,grey
LOC729083,green
DNAI2,turquoise
ZNF771,grey
SEC14L4,brown
HCG23,grey
C11orf94,grey
LOC101927311,grey
BLOC1S3,blue
CPTP,magenta
TCF7L1,blue
VEGFC,blue
PSORS1C3,grey
CKAP2L,grey
KANSL1-AS1,black
MIR4639,grey
KCNJ15,green
FOXD2,turquoise
CIC,blue
IRS1,blue
KLRF1,tan
SNORA75,grey
MPP1,brown
CDA,blue
SPC24,grey
LOC641367,grey
RNF222,blue
LINC00570,brown
GBP6,green
MIR4437,yellow
PODNL1,blue
RGS20,turquoise
RHD,brown
MIR623,yellow
SYNGR3,grey
RBM11,purple
MIR4292,blue
DNMBP-AS1,turquoise
MIR4755,blue
GSTT1,grey
LOC100507564,turquoise
DENND5B-AS1,grey
RPL26L1,black
LOC101927708,brown
MIR1254-1,blue
SPATA21,blue
LINC00671,grey
ARG1,brown
R3HDM4,brown
SLC9A1,blue
ITPK1-AS1,yellow
CDH1,brown
MIR320D1,grey
SNORA30,grey
LOC101928940,turquoise
H1F0,brown
PACRG,turquoise
CCDC37,blue
DNAJC28,grey
PROS1,red
HIST1H2BM,midnightblue
LINC00238,yellow
APOBEC4,turquoise
LAMP3,grey
LOC100128239,grey
DSC2,green
BACE1-AS,blue
CCDC89,tan
PEX5L,turquoise
ANKRD20A12P,grey
HIST3H2BB,brown
SNORA52,cyan
WISP3,grey
LOC100505625,grey
MIR3607,grey
HMGA1,blue
NUDT12,purple
GFAP,turquoise
PRPF40B,blue
SNORA70F,grey
STEAP2,turquoise
TH2LCRR,yellow
C1orf194,turquoise
PDE6H,grey
SGTA,blue
SNORD26,grey
CCR10,blue
MCAM,blue
CPB2,grey
LINC01036,grey
BAG3,blue
ACSBG1,red
NLRP2,grey
PRTFDC1,red
TPI1P2,grey
KCNK12,blue
LHFPL1,grey
PCAT29,grey
LIPJ,grey
COL5A2,turquoise
GYPB,brown
CLDN5,red
ICOSLG,blue
CHGA,blue
COL9A2,blue
GP5,red
JSRP1,turquoise
LOC101928105,grey
ZNF33BP1,grey
LOC102546294,grey
HEMGN,brown
APCDD1L,blue
ZNF296,blue
RNF212,turquoise
ASPN,yellow
MX1,grey
MIR181A2,pink
MIR5195,grey
WASIR2,grey
GPC3,turquoise
PCDHGB7,grey
MIR4496,grey
KEL,brown
ZNRF3,turquoise
AXL,turquoise
ADGRG2,yellow
LOC105378732,turquoise
ENAM,turquoise
SH3BP4,turquoise
LOC100506472,blue
LIMS2,grey
C10orf95,blue
DTX2,blue
ZNF112,grey
C10orf10,blue
RGS1,black
LGALS3,brown
RUSC1-AS1,grey
LOH12CR2,grey
FAM53B-AS1,yellow
LOC101928517,grey
ZNF774,turquoise
NLGN3,yellow
ISL2,turquoise
HBEGF,grey
EGR2,grey
GPR135,blue
CACNA1E,pink
SNORA22,cyan
PHOSPHO1,brown
FAM171B,grey
MIR26A2,grey
MIR6840,grey
MIR3677,grey
LOC100130872,tan
COL6A3,grey
LOC101927322,grey
APOA1-AS,yellow
TERC,magenta
LTA,grey
ENTPD3,yellow
SLC16A13,blue
IL26,grey
FLNA,red
LAYN,turquoise
AFAP1-AS1,blue
CCDC150,turquoise
IGDCC4,turquoise
STBD1,grey
HYMAI,pink
SIX5,blue
PPP1R27,grey
LOC101928988,green
MIR570,blue
CELA2B,grey
SLC10A5,grey
ANKUB1,grey
ADSSL1,grey
ADM,green
ZNF793-AS1,grey
FAM153B,blue
HPR,blue
PET117,grey
SUSD5,turquoise
PIK3R6,greenyellow
SNORD29,grey
LINGO3,magenta
C11orf45,grey
SLC25A25-AS1,blue
FHDC1,blue
RASAL2,turquoise
C12orf40,grey
GJD3,grey
DNM3OS,turquoise
FAM160A1,grey
LVCAT8,turquoise
SH2D1B,grey
LINC00920,purple
MIR6837,grey
EFNB2,turquoise
EMX2OS,turquoise
CSNK1G2-AS1,blue
ARHGEF26,yellow
LRRTM2,yellow
HS3ST1,grey
ZNF667-AS1,purple
PVRL1,blue
TMEM8B,blue
BSCL2,grey
MT1F,grey
CNTNAP3,green
HHLA3,grey
CELF3,blue
BSG,brown
SLC16A9,turquoise
AGAP7P,blue
HRH4,greenyellow
F13A1,red
NFXL1,green
SNHG22,grey
EFCAB12,blue
MIR548O,grey
LDHD,grey
SPDYE5,blue
C8orf46,grey
PRR15L,blue
SNORD76,grey
CCNB2,midnightblue
ABRA,turquoise
LOC101928530,grey
SNORA71B,cyan
EIF2AK1,brown
RFPL2,grey
BMP8A,blue
HLA-H,grey
SNORA71C,blue
APOBEC3A,green
LOC339059,blue
LINC00266-1,grey
ADAM23,blue
C19orf67,turquoise
HEPH,grey
LOC101927560,grey
ACTN1-AS1,grey
EDA,blue
TREX2,blue
CDNF,grey
ARMC12,turquoise
SIPA1L3,blue
SGCG,grey
WDR90,blue
OPLAH,pink
ATN1,blue
APCDD1,grey
BTNL8,green
ATP8A2,turquoise
PCDHGA9,grey
LINC01366,grey
ELMO1-AS1,yellow
EPCAM,turquoise
GPC1,blue
MYO6,tan
SLC7A11,grey
LOC101928812,grey
LOC104054148,yellow
CYP11B1,turquoise
LINC01252,grey
NOXA1,blue
C9orf47,turquoise
SNORA7B,cyan
TAS2R10,grey
TBC1D24,blue
LOC100506679,grey
MIR181B2,grey
CDC37L1-AS1,grey
FAM167A,grey
FBXL22,turquoise
PCDHGC5,grey
FGF14-AS2,grey
DYRK3,brown
SLC25A23,blue
LYL1,brown
CC2D1A,blue
VSTM1,greenyellow
SNORA79,grey
NPDC1,blue
LMNA,red
SLC1A5,brown
DPY19L2,grey
HERC2P7,grey
TMEM63B,brown
LOC101928710,grey
MAMDC2,turquoise
SH3RF3,grey
GINS1,grey
CLNK,turquoise
XRCC2,grey
ZNF471,grey
CCDC81,turquoise
DRICH1,turquoise
ASCC2,brown
RSL24D1,black
MID1IP1-AS1,turquoise
MXRA5,turquoise
IL12A,grey
LOC643770,grey
HIST1H3B,midnightblue
GYPA,brown
ZNF788,grey
PNPLA1,green
PLXNA4,grey
ADCY1,blue
GATM,grey
PLAC8L1,grey
PLEK2,brown
RPS15A,black
TMIGD2,purple
GUSBP2,grey
CDC34,brown
DPH6-AS1,grey
BFSP1,tan
TNFRSF13C,blue
MIR425,grey
SOX30,turquoise
PITHD1,brown
SNORD72,grey
DENND6B,blue
NAPSB,grey
MIR4784,grey
B4GALT1-AS1,grey
RAMP3,blue
LINC01569,turquoise
LINC00854,blue
FLJ31104,turquoise
MIR3679,yellow
MGAM,green
C9orf84,green
MIR302B,grey
LOC101929066,turquoise
WDR66,blue
MIR320E,blue
C1orf61,grey
FLJ42627,blue
VPS37C,blue
MIR4439,yellow
LOC101929574,purple
PKP2,grey
HIST1H2BB,midnightblue
GOLGA8J,grey
WASH1,grey
TPM2,blue
ARHGEF35,grey
SNORD42A,grey
C21orf140,grey
HLF,grey
GFRA1,turquoise
ME1,grey
VPS9D1-AS1,blue
LOC101927865,turquoise
LOC102724050,turquoise
DNMT3B,turquoise
TTK,grey
LOC541472,grey
HCG17,turquoise
LOC729732,yellow
ANKRD22,green
LYVE1,pink
EGFL7,blue
LINC01127,green
POU5F1B,grey
NPHP1,turquoise
HRAT5,grey
LINCR-0001,blue
LINC01353,grey
STAG3L1,blue
LOC100130987,turquoise
SIK1,blue
OR5K2,grey
SNORD44,black
RNFT2,grey
GPR25,turquoise
CLYBL-AS1,blue
SPDYE4,blue
CTAGE9,grey
IGSF9B,blue
MIR3174,pink
HDAC11-AS1,grey
PARD6G-AS1,turquoise
PLA2G4C,grey
LOC100132215,turquoise
CAPN8,turquoise
KCNH3,blue
KLHL30,turquoise
DDIT4L,turquoise
P2RY2,greenyellow
C1QL3,grey
UBXN6,brown
POU1F1,grey
TMIE,grey
SCARNA8,grey
HOXB2,magenta
HCAR3,green
MAMSTR,blue
SLC7A5P1,magenta
SELP,red
LOC101929754,yellow
TMEM139,turquoise
PRKAG2-AS1,grey
LLPH-AS1,grey
LRP1,yellow
SASH1,grey
MME,green
CPAMD8,blue
PPP1R16A,blue
LRRIQ3,grey
CABYR,turquoise
STRIP2,turquoise
MED4-AS1,grey
RPPH1,cyan
TTC7B,red
LOC101928063,grey
EPHA1-AS1,grey
LOC731157,grey
KREMEN2,turquoise
RAB44,greenyellow
LOC101928861,yellow
PCDH1,blue
LYZL6,blue
MEIS1,red
NRP2,turquoise
LINC00900,grey
LOC101927636,grey
ZHX1-C8orf76,blue
PEX11G,blue
MIR491,grey
MIR3975,yellow
SLC9A5,blue
SNORD38B,grey
LINC01063,grey
AKR1C3,tan
LINC00115,blue
CYP27A1,grey
LSP1,grey
FKBP8,brown
SPIRE2,blue
FOXJ1,turquoise
CKM,blue
USP12-AS2,grey
RAB6C,turquoise
C9orf106,turquoise
CASZ1,blue
PCDHGA6,turquoise
CYP2D7,blue
DNAH11,turquoise
HSD17B1,blue
DPRXP4,blue
WDR78,grey
TMEM132D,turquoise
UNC13C,turquoise
ATP8B5P,turquoise
BEND3P3,yellow
CHERP,blue
MXI1,brown
TPRG1,tan
MIR378J,grey
VASH1,blue
AMDHD1,grey
DDX12P,blue
SNORA21,grey
C1QTNF6,blue
KIAA1656,turquoise
LOC102724163,grey
SNORD116-4,yellow
CASP5,green
CYP4F12,greenyellow
KCNJ10,turquoise
LMOD3,grey
SNORA11B,grey
FNDC8,grey
TLR9,blue
UNC13B,turquoise
TEX38,grey
TPPP,blue
PCOLCE2,turquoise
AK1,brown
TNNT3,blue
PIGZ,turquoise
PIN4P1,yellow
SCART1,blue
RDH10-AS1,grey
KHDC1,grey
NODAL,blue
LINC00544,grey
SYNPO2,turquoise
AOX2P,turquoise
IGLL5,midnightblue
ECSIT,magenta
KCNIP2,blue
EVC2,grey
CNBD2,turquoise
FAM210B,brown
TUBB1,red
TXNRD3,grey
APOF,grey
AMH,turquoise
IFI6,green
CNPPD1,brown
MYCT1,red
LOC100507506,turquoise
MAZ,blue
NDRG4,turquoise
MIR4459,yellow
OTUD7A,turquoise
WBP5,grey
PPM1H,pink
MIR3662,grey
C11orf42,blue
C9orf153,turquoise
MIR599,grey
ZMYND12,grey
DENND2C,red
LOC101928402,grey
FBXL2,yellow
WDR24,blue
SCRT2,pink
SPC25,grey
CTAGE8,grey
TNFSF15,turquoise
TFPI,red
RAB43,magenta
NUDT8,grey
GUSBP9,grey
ALOX15P1,blue
RAD23A,brown
TRIP13,grey
SMPDL3B,turquoise
LRRC29,blue
TRIM10,brown
S100A13,turquoise
LINC00989,red
MVB12B,yellow
IFI44,grey
UNC5B,turquoise
HM13-AS1,brown
PRR7,blue
OR2A1-AS1,grey
LOC101927817,yellow
LOC100289473,pink
H3F3C,green
SUCLG2-AS1,purple
AGPAT1,blue
SEZ6L,turquoise
FAM132B,grey
MKRN2OS,blue
WBP2NL,grey
RGSL1,turquoise
TSGA10IP,blue
GATA1,brown
SCNN1D,blue
LINC00482,turquoise
GTF2H2,grey
KIAA2022,purple
IFIT2,green
PARP3,grey
CBR3,grey
RNASE1,grey
AKR7A2P1,turquoise
SNORD83A,grey
RGPD3,turquoise
LTC4S,blue
SCNN1A,turquoise
ZP1,turquoise
BCORL1,blue
LMO7-AS1,grey
HIST1H2AJ,midnightblue
SART1,grey
SNORA80A,cyan
TSPY26P,grey
SPRED2,turquoise
FBXL19-AS1,turquoise
MIR580,grey
CFAP54,blue
TMEM56,brown
FLJ46906,grey
VENTX,blue
LOC102724484,yellow
BHLHE40-AS1,grey
TRAIP,grey
EZR-AS1,grey
ROR2,turquoise
CA3-AS1,brown
COMMD8,black
LOC101928896,grey
MIR3128,grey
TMEM232,grey
LINC00511,grey
EPPK1,blue
PMFBP1,blue
UNC45B,grey
CRIP2,grey
MIR4518,turquoise
ECM1,turquoise
GLUD1P3,blue
LINC01032,grey
LOC101927056,grey
FUT8-AS1,grey
PDE1B,blue
UBE2C,turquoise
DOCK4-AS1,green
NOS1AP,turquoise
SPATA6L,grey
SNHG25,grey
LRP3,blue
NOL3,grey
CCDC122,grey
PDC,grey
ZNF135,grey
COL1A1,turquoise
SNORD1A,grey
LINC00943,tan
CXCR2P1,red
LOC101928855,yellow
LOC100128176,yellow
MIR378D2,grey
SLX4,blue
SPAG17,turquoise
ZC3HAV1L,red
MED25,magenta
ALDH1A3,greenyellow
ARHGAP6,red
ADAMTS5,grey
PADI2,pink
ARAP3,blue
SNORD46,midnightblue
AFAP1,blue
HJURP,grey
CXADR,turquoise
LOC100996455,grey
RNVU1-20,grey
EMP1,grey
GATA2-AS1,grey
LOC101929563,turquoise
ZNF229,grey
KLHL13,grey
LIM2,grey
GSE1,magenta
LINC00565,grey
TIGD4,grey
PIF1,turquoise
SUMO1P3,yellow
TMEM75,yellow
TMEM40,red
MAP1LC3B2,blue
RPP25,grey
ZNF705E,grey
LY96,black
NEFH,blue
TECTA,blue
ADAMTS10,blue
SNCA,brown
C1orf100,grey
PPIAP30,yellow
LOC102723927,yellow
SNORD8,grey
SMKR1,grey
HCG14,green
LGALS4,turquoise
MIR4753,grey
GNG3,turquoise
GNA11,turquoise
LOC728730,grey
CDC42EP4,blue
SDCBP2,blue
CFAP44-AS1,grey
LOC100131496,blue
CNIH3,turquoise
TUBA3FP,grey
NT5DC3,yellow
SCD5,grey
CADPS,turquoise
MIR548P,green
ZBED3-AS1,grey
CCDC183,blue
FAM26F,black
CRTAC1,turquoise
S1PR5,tan
KCNK7,blue
LOC100288123,blue
MFAP3L,red
ISPD-AS1,grey
CFAP53,blue
KIAA0319,green
SAMD12,grey
RNF212B,turquoise
SYCE1L,blue
PKD1,blue
N4BP3,grey
LOC102723885,grey
LOC285740,yellow
TMEM86B,blue
KIAA1024,greenyellow
SNORD85,grey
CRIP3,grey
TMC3-AS1,grey
IL18RAP,green
PARVB,blue
MIR940,turquoise
SCARNA3,pink
LOC101927053,grey
MIR4712,purple
LRIT3,grey
S100A9,green
HSPA7,grey
SNORA32,black
PTGS1,red
STX19,yellow
LINC00654,blue
PRF1,tan
SPTA1,brown
PPP4R1-AS1,green
TMEM133,grey
SIGLEC15,turquoise
POF1B,grey
SUCNR1,red
SNORA80B,grey
UTS2B,turquoise
RIBC1,turquoise
BUB1B,blue
SNORD9,grey
SLC12A7,blue
SULT1A2,grey
MDS2,purple
FLJ21408,green
LOC101927418,grey
TOMM20L,turquoise
PKIA-AS1,yellow
ACSL1,green
NAALADL2,turquoise
GPC2,blue
TAF1A-AS1,grey
FBXO7,brown
TCF3,magenta
CXCR3,blue
CDKL3,grey
NEK8,blue
SNORA20,cyan
GYLTL1B,blue
TSPAN5,brown
LOC101927543,yellow
SNORD50A,black
LHPP,blue
MIR4312,yellow
TRIM66,yellow
SERPINF2,turquoise
KCNJ1,grey
MIR641,grey
SERPINI2,yellow
LOC100288778,grey
RPS10,grey
TSPYL5,grey
LOC100507388,grey
FPR2,green
SNORD11,grey
FAM20C,blue
GPT2,turquoise
TSPAN16,blue
ACOX2,turquoise
TNFRSF4,magenta
GPR26,turquoise
GIPR,blue
LINC01268,grey
CBY3,grey
ADGRG1,tan
STXBP2,blue
ZNF205,blue
LINC00260,blue
SNORD27,grey
UBALD2,magenta
CELF5,turquoise
ANKRD34B,grey
GABRR2,blue
AGAP4,blue
UQCRBP1,yellow
LINC01144,grey
TOP2A,grey
UCP2,blue
HMBS,brown
HCG4B,turquoise
LOC100131635,green
ANGPT1,grey
DUOX1,blue
SDSL,grey
HMGB3,grey
CDKN3,grey
C7orf13,grey
ZNF467,blue
WDR38,grey
MLLT1,blue
LOC101929125,grey
LGALS12,greenyellow
RHPN1,blue
RBM26-AS1,grey
SMIM6,turquoise
IGFBP3,tan
LINC00945,yellow
LOC389247,grey
KDELC1,grey
SEPT4,grey
MAP3K7CL,red
LINC01545,grey
SLC5A9,yellow
ALDH8A1,turquoise
LOC101929099,grey
WDR31,turquoise
LOC643802,black
PROK2,green
NR2F6,blue
SLC47A1,grey
TSIX,turquoise
MIR1537,pink
LOC101927932,turquoise
HOXB-AS1,grey
LINC01160,turquoise
RCAN3AS,grey
C1QTNF3-AMACR,yellow
LINC01372,blue
PPIAL4G,yellow
ADGRG6,turquoise
RALGAPA1P,grey
SLC25A27,turquoise
RNF103-CHMP3,magenta
ARNTL2,grey
MIR617,green
LOC101928891,grey
TMEM53,grey
FBXO2,grey
ZNF677,grey
TNNC1,grey
SLC23A3,blue
LOC101928140,purple
FOXP4-AS1,grey
LOC100507639,grey
LOC101929089,grey
CORO6,blue
HCRTR1,blue
C1orf198,red
COL24A1,turquoise
LOC400706,turquoise
PCDHGB3,grey
EDAR,purple
OSCP1,grey
ENO4,grey
SNORA71A,cyan
FAM117A,brown
RAB26,turquoise
RGPD1,grey
HTR6,blue
MIR2909,grey
SPTBN5,blue
LOC113230,turquoise
FAHD2CP,grey
SNORD10,cyan
BTN1A1,turquoise
LOC285847,grey
MIR766,blue
RIN3,blue
CRTC3-AS1,grey
ANGPTL7,yellow
SNORA69,grey
LOC101927482,black
SLC22A3,grey
MMP14,grey
ITGB1BP2,grey
SMC1B,turquoise
PDLIM7,blue
KCNH7,green
DLC1,turquoise
SNORA5A,midnightblue
TEX21P,grey
LOC100289580,blue
GCSH,grey
GAL3ST4,blue
LTBP4,blue
UBOX5-AS1,blue
NR1D1,blue
TONSL,blue
B3GALNT1,grey
LOC100133985,grey
PHGDH,grey
ZNF157,turquoise
GPR162,blue
TAS2R5,yellow
TDRD6,grey
LOC100506457,grey
LYPLAL1-AS1,grey
C11orf68,blue
CRIPAK,yellow
PIANP,turquoise
SLC22A18AS,grey
LOC100996437,blue
SNORD43,grey
STXBP1,blue
DIO1,blue
NMUR1,tan
MYO1B,grey
CYCSP52,turquoise
WASF1,grey
PTK6,blue
FAM86C2P,turquoise
SNORA66,grey
CMTM2,green
MALRD1,turquoise
STX18-IT1,yellow
ADAM12,turquoise
THSD1,turquoise
MMRN1,red
DNAH6,purple
MYO7B,grey
EPB41L4A-AS2,turquoise
SLC8A1-AS1,pink
ANG,grey
KLRC4-KLRK1,tan
AIF1L,turquoise
NPHP4,blue
FADS2,grey
CAPN15,blue
MIR1278,grey
LOC101928794,grey
CDKN1A,red
MIR5096,turquoise
DNAJC27-AS1,turquoise
PLBD2,blue
DMPK,blue
LOC101929715,grey
DACH1,greenyellow
FAM166A,grey
GPR15,grey
FAM66D,grey
ST3GAL4-AS1,green
MIR3175,grey
KIT,grey
GOLGA8R,grey
ATF3,grey
TACR1,yellow
ASIC1,turquoise
SNORD18C,grey
MIR4697HG,grey
GNG11,red
CRYM-AS1,grey
FXYD6,grey
AUNIP,grey
SCOC,black
FAM127A,blue
PRKAR1B,blue
MARCH8,brown
MFAP4,blue
RLN2,grey
ANKRD55,purple
SLC26A1,blue
HSPA2,grey
ATF7,yellow
BIN3-IT1,blue
LINC00526,grey
CD200,grey
SLC38A5,brown
PAX5,blue
KLHL10,turquoise
LCA5L,blue
COL4A3,turquoise
PARD3,red
SNORA14B,grey
COLGALT2,tan
SORBS1,blue
IQCK,turquoise
SAMD15,grey
DHRS9,green
CATIP,grey
HAVCR1P1,grey
LDHAL6B,turquoise
GP1BA,blue
ZBTB8A,turquoise
PRAF2,blue
SCARNA7,black
PLD4,grey
KCNMB1,turquoise
DISC1-IT1,yellow
MED16,magenta
C1orf177,tan
LOC401585,blue
ZSCAN31,grey
MBOAT7,blue
URB1-AS1,black
ALK,yellow
ATP5E,black
FHL3,brown
MIRLET7I,grey
RMI2,grey
AMACR,grey
RAB19,grey
LOC101927620,grey
RPL28,magenta
DYSF,pink
WARS,grey
ECE2,grey
LOC102724297,brown
ATP6AP1L,grey
CFH,tan
ANLN,grey
RAB40B,turquoise
GZMK,black
ADAMTS9,turquoise
ADIRF,blue
F2RL1,green
MAPK7,blue
CEP295NL,yellow
AIRE,blue
GLIPR1L1,grey
LCN10,grey
ADIPOR1,brown
KCNH8,turquoise
PMEPA1,grey
CACNA1C,turquoise
PRNCR1,yellow
NRIP3,blue
FBXO41,blue
TCEA3,purple
ELOVL4,grey
PRR5,brown
LOC101928731,yellow
SETD1B,blue
HCG8,blue
HEATR9,yellow
ARHGEF38,turquoise
PRH1-PRR4,grey
ITGA10,blue
PPP6R1,blue
CDHR3,turquoise
RANBP10,brown
EBF3,turquoise
MIR30C1,grey
VSIG10,grey
DCST1,turquoise
LOC646903,grey
SNORD99,grey
DERL3,blue
LINC01422,grey
SAMD1,blue
LOC100129940,turquoise
SLED1,pink
VSNL1,turquoise
NCAM1,tan
GRN,red
LOC100506178,grey
ADAM21,grey
SYT15,blue
LINC00865,grey
LOC100128288,grey
RP9P,grey
KCNE1,pink
CR1L,brown
IGBP1P1,blue
FOSL1,turquoise
C18orf65,grey
ESM1,grey
DSEL,grey
PPP1R9B,blue
LAMC2,turquoise
LINC00824,grey
MIR210HG,grey
GPR143,grey
LINC00400,grey
C7orf55,grey
GPAT2,grey
LOC339666,grey
ARMCX5-GPRASP2,grey
MYLK4,grey
SCARNA20,pink
MPP4,turquoise
STK4-AS1,grey
MYT1,turquoise
SMG7-AS1,grey
POLR2M,magenta
ITGA3,blue
YPEL3,brown
GALNT8,blue
HIST1H4J,cyan
RASD1,grey
LOC653712,grey
ARR3,blue
SNORA70G,yellow
BAG6,brown
KIF9-AS1,blue
TPRG1-AS1,grey
LOC221946,grey
GTSF1,grey
SGK223,blue
IL10,grey
SNORD111B,grey
ANKLE1,blue
SUGCT,turquoise
EFCAB10,grey
PTPRN2,green
CYP1B1-AS1,grey
ZNF469,blue
LOC100129216,yellow
ABCA6,turquoise
BMS1P5,grey
CNRIP1,blue
PRSS41,greenyellow
SNORD50B,black
METTL21C,grey
LINC00886,grey
SLC27A1,blue
SNORD63,grey
TDRD9,grey
GPR20,turquoise
PHACTR3,turquoise
CDK1,midnightblue
SREBF1,blue
SNORA16B,blue
RAVER1,blue
ZBTB42,blue
CDRT15P1,grey
MIR25,grey
PILRB,blue
DRAXIN,tan
MS4A4A,black
SDPR,red
SRGAP3,greenyellow
MYO1H,turquoise
GSDMC,turquoise
KCNH1,yellow
MOSPD3,turquoise
SNORA64,cyan
CALHM1,turquoise
DPF3,blue
NPY6R,yellow
KCNJ2-AS1,green
ZNF444,blue
TMEM136,turquoise
FLJ12825,turquoise
ANXA2P1,turquoise
TSTA3,brown
MEGF8,blue
RHOF,blue
APC2,blue
PRKRIP1,grey
DKK4,grey
C1orf101,turquoise
ZYX,blue
PTPN14,turquoise
LOC101927854,red
RPUSD1,blue
EPDR1,grey
CSNK1A1L,green
CCNJL,pink
C15orf39,blue
TRIM16L,red
KIRREL,turquoise
MIR6753,blue
ZNF208,black
HIVEP3,blue
NINL,blue
MIR637,grey
HPSE2,turquoise
GUCY1B3,red
BHLHE41,turquoise
LOC105274304,grey
HOPX,tan
VEPH1,red
GNLY,tan
GPR27,green
TSHZ2,purple
LRRC74A,turquoise
C14orf79,grey
SNORD102,grey
A1BG,magenta
SCAF1,blue
MYRIP,grey
KLHL41,turquoise
TAL1,brown
SLC4A4,tan
MIR23A,blue
EPB41,brown
RNF207,grey
GJA9-MYCBP,grey
PLET1,yellow
TAS2R42,grey
VTN,blue
LOC101927354,grey
WNT10A,grey
C1orf21,tan
FAM186B,yellow
SCARNA2,black
KLRD1,tan
SNORD52,grey
ADPRHL1,turquoise
PGM5P2,grey
LOC100335030,turquoise
SCARNA4,grey
SNORA27,grey
PACERR,grey
ISG15,grey
LOC101928163,grey
RGS2,green
MAP7D2,grey
SNX29P1,grey
LOC101927045,grey
SLC35E4,grey
UBTD1,blue
AKAP3,grey
HIST1H4L,black
KDM6B,blue
RAB36,grey
RORC,blue
POU2AF1,blue
LOC100996579,purple
LINC01226,turquoise
NKG7,blue
LOC101927181,blue
BEND3,turquoise
MIR5581,grey
CCR3,greenyellow
CYP3A4,grey
MIRLET7A1,grey
SNORD100,grey
HECW2,green
APOBEC3H,tan
CCL23,greenyellow
CRHBP,grey
MT2A,grey
FOXN3-AS2,yellow
TOR4A,blue
FABP5,grey
NUTM2D,grey
SKA3,grey
C2,grey
LOC283194,turquoise
LOC101928100,yellow
OR2B11,grey
MIR215,grey
ZNF660,turquoise
MICAL2,brown
TPPP3,grey
LOC100129697,blue
LOC102724699,blue
POLR2K,black
MCM8-AS1,grey
PRR13,blue
MIR3198-1,blue
MEOX1,grey
LOC101928053,turquoise
MAPRE3,blue
EMC6,grey
LOC100130899,turquoise
LINC01206,turquoise
NATD1,magenta
MYLK-AS1,grey
CACNA1C-AS2,grey
TTC41P,grey
DCDC5,turquoise
C3AR1,grey
RIOK3,brown
LY86-AS1,grey
TMEM254-AS1,turquoise
SKIDA1,turquoise
FAXDC2,brown
DKK3,grey
SPACA6P,grey
NBPF11,yellow
SNORD36C,grey
NR1I3,turquoise
LDLRAD3,grey
ARHGAP44,turquoise
LOC101929524,turquoise
ABTB2,greenyellow
MIR4644,yellow
MIR553,blue
SRRM2,yellow
TK1,blue
LOC441155,grey
SMIM5,brown
LINC00494,turquoise
DOCK9-AS1,yellow
DNAJC6,brown
KDR,turquoise
EFCAB1,turquoise
POLR2A,blue
PHKA2-AS1,blue
SENP3-EIF4A1,grey
RAB38,grey
LOC101927391,turquoise
POMZP3,blue
KCNQ5-IT1,yellow
C11orf85,turquoise
MST1R,turquoise
SPRY1,grey
MIR544B,grey
DISC2,turquoise
SIN3B,blue
FGF9,grey
SCARF1,brown
NRROS,blue
DEPDC7,grey
LOC101409256,turquoise
TRPM2,blue
ZNF285,purple
MRAS,grey
CXCL6,grey
GSTM2,blue
SGPP2,blue
DEGS2,blue
METRN,magenta
WNT8B,blue
LILRA5,green
SNORD104,grey
GLTPD2,grey
TM4SF20,turquoise
SNORA48,cyan
ZNF837,blue
CELSR3,blue
PIM1,brown
RPS24,black
VN1R1,grey
RNF24,pink
MFSD6L,blue
C19orf47,blue
VSIG8,blue
MOK,blue
SNORA46,grey
SNTA1,blue
C20orf173,turquoise
LOC339529,grey
NAPA-AS1,blue
ARMC2-AS1,turquoise
XCL2,grey
SUMO1P1,green
OCM,grey
ABCA3,blue
SPATA25,grey
PARM1,grey
LOC100303749,yellow
TSC2,blue
CACNA1I,blue
EDNRB-AS1,grey
SEPT7P9,grey
UTAT33,grey
PARK2,grey
IFITM2,green
SOGA1,blue
MIR3939,green
SPR,grey
ADAMTS17,blue
MYCBP2-AS1,blue
SPINK7,grey
MLK7-AS1,grey
SH2D4A,turquoise
LINC01260,grey
PIK3R2,brown
FAM218A,grey
CD74,blue
ADCY10,turquoise
LOC100506071,grey
DCX,turquoise
LRRC37A4P,blue
ARRDC4,green
THAP7-AS1,turquoise
TSACC,grey
WSCD1,turquoise
ARHGEF12,brown
CEP112,turquoise
PCBP2-OT1,blue
SLC45A1,blue
C15orf27,turquoise
RHAG,brown
PCDH9,grey
RHCE,brown
ERF,blue
TCTEX1D4,blue
SCN9A,grey
LINC01146,grey
KCNB1,turquoise
C14orf2,black
TCTEX1D2,grey
PRRG4,green
ZGLP1,grey
LOC654342,grey
NACAD,blue
LINC00412,grey
PTGFRN,grey
LPPR2,blue
PRLR,grey
MIR15A,green
POT1-AS1,turquoise
LINC01359,pink
TIRAP,blue
FPR3,grey
C9orf43,grey
KLF5,grey
SYNGAP1,blue
LINC01311,grey
LRRC37A8P,yellow
TAS2R13,yellow
TEX29,grey
SGCA,blue
FITM1,blue
SRPK3,blue
ATXN7L2,blue
LOC100507351,turquoise
PALM2,turquoise
SEPN1,blue
MGAT3,grey
WNT3,grey
PYGL,green
DNAJC30,blue
TIAF1,yellow
ZNF90,grey
FAM157A,pink
ESCO2,grey
RGS18,black
GUK1,brown
KLHDC7B,grey
CLDN7,turquoise
LOC100507424,grey
RANGRF,grey
LOC101929767,turquoise
FMNL1,blue
TTLL7,grey
NEIL3,black
NUDT9P1,turquoise
ZBTB16,blue
MIR320C1,pink
LOC101929762,grey
ROBO4,turquoise
STRADB,brown
LINC01058,grey
LRRC66,grey
SH2D3A,blue
IFI27L1,midnightblue
NKAPL,grey
HAGH,brown
LOC100288069,grey
SCML1,purple
RSPH4A,turquoise
CLCN2,blue
TUBA3E,turquoise
SLC26A8,green
PTTG2,pink
KLHL6-AS1,turquoise
HAR1A,grey
STK33,grey
SAP25,blue
PRRC2A,blue
ANKRD31,grey
ENPP7,blue
RIMBP3,grey
DLEU7,grey
TMEM9B-AS1,grey
RPL27,black
LINC00937,blue
DNAJB7,grey
EPHX1,blue
ADCY4,pink
SDC4,red
EXOC3-AS1,grey
GPER1,blue
NOTCH1,blue
LOC101928075,turquoise
LOC440461,blue
SNORA29,grey
SNORA24,black
DOCK1,turquoise
S100A11,green
TEX12,grey
BRWD1-IT2,grey
SNORA2B,grey
TUBA3D,blue
MIR4434,turquoise
MIR374A,grey
ARSA,blue
PIP5K1P1,turquoise
SPDYE1,blue
SSR4P1,grey
C3orf70,turquoise
CLIC2,brown
WDR11-AS1,turquoise
FAM161A,grey
LENEP,grey
ZNF726,grey
WNT1,grey
SLC29A2,blue
HCFC1-AS1,grey
TAGLN,blue
SLC25A29,grey
OASL,green
LRRC48,blue
KIF14,black
SNORA41,black
MIR1183,grey
OR52H1,grey
LOC101060498,grey
LRRC37A,yellow
ATG9A,brown
S100A1,grey
ZNF32-AS1,grey
LOC101929415,turquoise
LOC100506747,turquoise
MIR32,grey
AVPI1,grey
LOC101927557,grey
LOC101928673,yellow
PCAT1,yellow
STON2,red
DNASE1L2,blue
PFN1P2,yellow
NEXN-AS1,turquoise
RDM1,turquoise
HIST3H2A,magenta
ADGRD1,blue
SLC17A9,blue
CALCRL,black
ZACN,blue
HACD1,grey
HSD11B1,grey
GPT,blue
PDGFB,blue
ZBED3,turquoise
LOC100505918,grey
RRS1-AS1,yellow
PYGM,blue
STAM-AS1,grey
FER1L5,turquoise
LINC01220,green
LINC00862,pink
FAM86EP,grey
PARTICL,grey
NBPF9,green
GRASP,purple
EFCAB5,turquoise
SNORD35A,grey
MKLN1-AS,grey
KLRC4,tan
KMT2D,blue
CFAP58,pink
FOXO3,brown
EGFLAM,turquoise
PLCH2,blue
TEDDM1,turquoise
IL21R-AS1,grey
ATP6V1G2,grey
CD274,green
ACSBG2,turquoise
SNORD68,grey
SOX11,turquoise
SPECC1,brown
CCDC176,brown
CAMTA2,blue
PDCD1LG2,green
PDCD1,blue
SPATA24,grey
C21orf58,blue
SNHG9,grey
MIR4473,yellow
RLTPR,blue
MORN1,blue
CCR1,green
CLIP2,blue
MIR4691,blue
HTRA4,turquoise
AKR1C1,grey
FAM209B,grey
C1orf204,blue
KRTAP5-AS1,grey
SCARNA21,black
PLAC9,blue
ZNF641,green
MSTO1,grey
WLS,green
ASAP1-IT1,pink
EPSTI1,grey
TLN1,red
NOS2,turquoise
FAM102A,blue
LINC00892,black
OGN,yellow
DHRS4L1,turquoise
LOC101928150,purple
LOC101929516,grey
FZD5,blue
ALDH1L2,turquoise
PHLDB3,grey
DMWD,blue
SLC6A12,grey
ZFP2,grey
EVA1B,magenta
ATP1A2,turquoise
KAZALD1,turquoise
SEMA5B,turquoise
HIST1H4F,black
ASB2,greenyellow
CD22,blue
MANSC1,green
TMEM252,green
LOC101928227,grey
FAM178B,turquoise
MIR4645,grey
HTR7,grey
KLC2,blue
MATN1,turquoise
SMOC1,turquoise
SNORD23,grey
NDUFB3,black
EFCAB2,grey
IL27,blue
VAC14-AS1,blue
CFAP58-AS1,green
PDK2,brown
OBSCN,blue
MELK,grey
BDH1,blue
ADGRE1,greenyellow
NIPAL4,yellow
ZNF512B,blue
PTH2R,turquoise
BCO2,yellow
ARL13A,yellow
BEST4,grey
NOD2,blue
CSTA,black
FRRS1,greenyellow
LINC00598,blue
ZNF883,grey
GNMT,turquoise
MMP24-AS1,blue
TIGD3,blue
CD9,red
IRGM,grey
METTL24,grey
LINC01410,green
FAM229B,purple
TTC24,grey
FRMD6,grey
HLA-DQA1,grey
RPL34-AS1,grey
FLJ20021,magenta
TNNI2,blue
DDX43,turquoise
ESR1,turquoise
WBP2,brown
DAXX,blue
PNMA3,grey
ISCA1,brown
HIST1H2AH,midnightblue
ZNF526,blue
MRPL4,blue
PLBD1-AS1,pink
CACNB4,grey
FKBP7,grey
LOC100132781,yellow
HPCAL4,purple
UGT8,grey
NHLRC1,grey
UCKL1-AS1,blue
SEPSECS-AS1,grey
CCNE1,grey
LOC100288846,grey
RARA,blue
MYADM,blue
ATF5,blue
SHCBP1,grey
OPHN1,red
CENPW,grey
MIR933,grey
SNORD1C,grey
LRP6,grey
CLEC6A,black
PODXL2,grey
LOC100129617,yellow
ITGAX,blue
ABALON,brown
CMIP,blue
XXYLT1-AS2,blue
MIR548F1,grey
WAS,blue
SNORD94,cyan
SLC7A5P2,blue
ROM1,turquoise
TUBA8,red
MIR3138,grey
CEMIP,yellow
LOC441454,blue
TXN2,blue
MAB21L1,turquoise
EFHB,turquoise
U2AF1L4,blue
BASP1,pink
TRIM34,grey
DGKI,turquoise
KCTD1,grey
CCR8,grey
CD3EAP,grey
NAP1L2,black
LOC103091866,blue
LOC102723703,purple
PREX1,pink
TIPARP-AS1,black
ZNF649-AS1,grey
NACAP1,grey
NAMPT,green
TRIM62,blue
SNORA58,grey
